0.750000	-0.000000
0.760000	-0.000000
0.760000	-0.000000
0.770009	31.971226
0.770009	31.971226
0.780009	31.971226
0.780009	31.971226
0.790018	21.320541
0.790018	21.320541
0.790018	21.320541
0.800018	21.320541
0.800018	21.320541
0.800018	21.320541
0.800104	21.320541
0.810107	178.817331
0.810107	178.817331
0.810192	344.277973
0.810192	344.277973
0.820107	344.277973
0.820107	344.277973
0.820192	344.277973
0.820192	344.277973
0.830116	251.012608
0.830116	251.012608
0.830116	251.012608
0.830201	255.267019
0.830201	255.267019
0.830201	255.267019
0.840116	255.267019
0.840116	255.267019
0.840116	255.267019
0.840201	255.267019
0.840201	255.267019
0.840201	255.267019
0.840286	255.267019
0.840372	255.267019
0.850204	290.896191
0.850204	290.896191
0.850289	382.770880
0.850289	382.770880
0.850375	474.467497
0.850375	474.467497
0.850460	565.996020
0.850460	565.996020
0.860204	565.996020
0.860204	565.996020
0.860289	565.996020
0.860289	565.996020
0.860375	565.996020
0.860375	565.996020
0.860460	565.996020
0.860460	565.996020
0.870213	467.458467
0.870213	467.458467
0.870213	467.458467
0.870298	469.999456
0.870298	469.999456
0.870298	469.999456
0.870384	472.532251
0.870384	472.532251
0.870384	472.532251
0.870469	475.065403
0.870469	475.065403
0.870469	475.065403
0.880213	475.065403
0.880213	475.065403
0.880213	475.065403
0.880298	475.065403
0.880298	475.065403
0.880298	475.065403
0.880384	475.065403
0.880384	475.065403
0.880384	475.065403
0.880469	475.065403
0.880469	475.065403
0.880469	475.065403
0.880554	475.065403
0.880640	475.065403
0.880725	475.065403
0.880810	475.065403
0.890301	466.611922
0.890301	466.611922
0.890387	530.114199
0.890387	530.114199
0.890472	593.537311
0.890472	593.537311
0.890557	656.877839
0.890557	656.877839
0.890643	720.130432
0.890643	720.130432
0.890728	783.305795
0.890728	783.305795
0.890813	846.399058
0.890813	846.399058
0.890898	909.410381
0.890898	909.410381
0.900301	909.410381
0.900301	909.410381
0.900387	909.410381
0.900387	909.410381
0.900472	909.410381
0.900472	909.410381
0.900557	909.410381
0.900557	909.410381
0.900643	909.410381
0.900643	909.410381
0.900728	909.410381
0.900728	909.410381
0.900813	909.410381
0.900813	909.410381
0.900898	909.410381
0.900898	909.410381
0.910311	794.086926
0.910311	794.086926
0.910311	794.086926
0.910396	795.765845
0.910396	795.765845
0.910396	795.765845
0.910481	797.442867
0.910481	797.442867
0.910481	797.442867
0.910566	799.117995
0.910566	799.117995
0.910566	799.117995
0.910652	800.785917
0.910652	800.785917
0.910652	800.785917
0.910737	802.457260
0.910737	802.457260
0.910737	802.457260
0.910822	804.126719
0.910822	804.126719
0.910822	804.126719
0.910908	805.788958
0.910908	805.788958
0.910908	805.788958
0.920311	805.788958
0.920311	805.788958
0.920311	805.788958
0.920396	805.788958
0.920396	805.788958
0.920396	805.788958
0.920481	805.788958
0.920481	805.788958
0.920481	805.788958
0.920566	805.788958
0.920566	805.788958
0.920566	805.788958
0.920652	805.788958
0.920652	805.788958
0.920652	805.788958
0.920737	805.788958
0.920737	805.788958
0.920737	805.788958
0.920822	805.788958
0.920822	805.788958
0.920822	805.788958
0.920908	805.788958
0.920908	805.788958
0.920908	805.788958
0.920993	805.788958
0.921078	805.788958
0.921163	805.788958
0.921249	805.788958
0.921334	805.788958
0.921419	805.788958
0.921504	805.788958
0.921590	805.788958
0.930399	762.445789
0.930399	762.445789
0.930484	810.867882
0.930484	810.867882
0.930569	859.241714
0.930569	859.241714
0.930655	907.562040
0.930655	907.562040
0.930740	955.839288
0.930740	955.839288
0.930825	1004.068491
0.930825	1004.068491
0.930911	1052.243565
0.930911	1052.243565
0.930996	1100.376617
0.930996	1100.376617
0.931081	1148.461840
0.931081	1148.461840
0.931166	1196.499305
0.931166	1196.499305
0.931252	1244.481816
0.931252	1244.481816
0.931337	1292.423703
0.931337	1292.423703
0.931422	1340.318046
0.931422	1340.318046
0.931508	1388.156821
0.931508	1388.156821
0.931593	1435.956012
0.931593	1435.956012
0.931678	1483.707872
0.931678	1483.707872
0.940399	1483.707872
0.940399	1483.707872
0.940484	1483.707872
0.940484	1483.707872
0.940569	1483.707872
0.940569	1483.707872
0.940655	1483.707872
0.940655	1483.707872
0.940740	1483.707872
0.940740	1483.707872
0.940825	1483.707872
0.940825	1483.707872
0.940911	1483.707872
0.940911	1483.707872
0.940996	1483.707872
0.940996	1483.707872
0.941081	1483.707872
0.941081	1483.707872
0.941166	1483.707872
0.941166	1483.707872
0.941252	1483.707872
0.941252	1483.707872
0.941337	1483.707872
0.941337	1483.707872
0.941422	1483.707872
0.941422	1483.707872
0.941508	1483.707872
0.941508	1483.707872
0.941593	1483.707872
0.941593	1483.707872
0.941678	1483.707872
0.941678	1483.707872
0.950408	1339.439519
0.950408	1339.439519
0.950408	1339.439519
0.950493	1340.521699
0.950493	1340.521699
0.950493	1340.521699
0.950579	1341.595874
0.950579	1341.595874
0.950579	1341.595874
0.950664	1342.676121
0.950664	1342.676121
0.950664	1342.676121
0.950749	1343.755406
0.950749	1343.755406
0.950834	1344.833730
0.950834	1344.833730
0.950920	1345.904044
0.950920	1345.904044
0.951005	1346.980446
0.951005	1346.980446
0.951090	1348.055890
0.951090	1348.055890
0.951176	1349.123321
0.951176	1349.123321
0.951261	1350.196851
0.951261	1350.196851
0.951346	1351.269428
0.951346	1351.269428
0.951431	1352.341052
0.951431	1352.341052
0.951517	1353.404659
0.951517	1353.404659
0.951602	1354.474379
0.951602	1354.474379
0.951687	1355.543151
0.951687	1355.543151
0.960408	1355.543151
0.960408	1355.543151
0.960408	1355.543151
0.960493	1355.543151
0.960493	1355.543151
0.960493	1355.543151
0.960579	1355.543151
0.960579	1355.543151
0.960579	1355.543151
0.960664	1355.543151
0.960664	1355.543151
0.960664	1355.543151
0.960749	1355.543151
0.960749	1355.543151
0.960834	1355.543151
0.960834	1355.543151
0.960920	1355.543151
0.960920	1355.543151
0.961005	1355.543151
0.961005	1355.543151
0.961090	1355.543151
0.961090	1355.543151
0.961176	1355.543151
0.961176	1355.543151
0.961261	1355.543151
0.961261	1355.543151
0.961346	1355.543151
0.961346	1355.543151
0.961431	1355.543151
0.961431	1355.543151
0.961517	1355.543151
0.961517	1355.543151
0.961602	1355.543151
0.961602	1355.543151
0.961687	1355.543151
0.961687	1355.543151
0.961772	1355.543151
0.961858	1355.543151
0.961943	1355.543151
0.962028	1355.543151
0.970496	1273.943448
0.970496	1273.943448
0.970582	1312.932729
0.970582	1312.932729
0.970667	1351.896595
0.970667	1351.896595
0.970752	1390.829031
0.970752	1390.829031
0.970837	1429.730076
0.970837	1429.730076
0.970923	1468.592804
0.970923	1468.592804
0.971008	1507.430998
0.971008	1507.430998
0.971093	1546.237914
0.971093	1546.237914
0.971179	1585.006085
0.971179	1585.006085
0.971264	1623.750379
0.971264	1623.750379
0.971349	1662.463508
0.971349	1662.463508
0.971434	1701.145511
0.971434	1701.145511
0.971520	1739.788200
0.971520	1739.788200
0.971605	1778.407883
0.971605	1778.407883
0.971690	1816.996552
0.971690	1816.996552
0.971776	1855.545482
0.971776	1855.545482
0.971861	1894.072057
0.971861	1894.072057
0.971946	1932.567730
0.971946	1932.567730
0.972031	1971.032538
0.972031	1971.032538
0.972117	2009.457045
0.972117	2009.457045
0.980496	2009.457045
0.980496	2009.457045
0.980582	2009.457045
0.980582	2009.457045
0.980667	2009.457045
0.980667	2009.457045
0.980752	2009.457045
0.980752	2009.457045
0.980837	2009.457045
0.980837	2009.457045
0.980923	2009.457045
0.980923	2009.457045
0.981008	2009.457045
0.981008	2009.457045
0.981093	2009.457045
0.981093	2009.457045
0.981179	2009.457045
0.981179	2009.457045
0.981264	2009.457045
0.981264	2009.457045
0.981349	2009.457045
0.981349	2009.457045
0.981434	2009.457045
0.981434	2009.457045
0.981520	2009.457045
0.981520	2009.457045
0.981605	2009.457045
0.981605	2009.457045
0.981690	2009.457045
0.981690	2009.457045
0.981776	2009.457045
0.981776	2009.457045
0.981861	2009.457045
0.981861	2009.457045
0.981946	2009.457045
0.981946	2009.457045
0.982031	2009.457045
0.982031	2009.457045
0.982117	2009.457045
0.982117	2009.457045
0.990505	1850.545541
0.990505	1850.545541
0.990591	1851.243110
0.990591	1851.243110
0.990676	1851.948187
0.990676	1851.948187
0.990761	1852.652745
0.990761	1852.652745
0.990847	1853.348755
0.990847	1853.348755
0.990932	1854.052275
0.990932	1854.052275
0.991017	1854.755278
0.991017	1854.755278
0.991102	1855.457763
0.991102	1855.457763
0.991188	1856.151703
0.991188	1856.151703
0.991273	1856.853156
0.991273	1856.853156
0.991358	1857.554094
0.991358	1857.554094
0.991444	1858.246487
0.991444	1858.246487
0.991529	1858.946395
0.991529	1858.946395
0.991614	1859.645790
0.991614	1859.645790
0.991699	1860.344671
0.991699	1860.344671
0.991785	1861.035011
0.991785	1861.035011
0.991870	1861.732868
0.991870	1861.732868
0.991955	1862.430213
0.991955	1862.430213
0.992040	1863.127047
0.992040	1863.127047
0.992126	1863.815342
0.992126	1863.815342
1.000505	1863.815342
1.000505	1863.815342
1.000591	1863.815342
1.000591	1863.815342
1.000676	1863.815342
1.000676	1863.815342
1.000761	1863.815342
1.000761	1863.815342
1.000847	1863.815342
1.000847	1863.815342
1.000932	1863.815342
1.000932	1863.815342
1.001017	1863.815342
1.001017	1863.815342
1.001102	1863.815342
1.001102	1863.815342
1.001188	1863.815342
1.001188	1863.815342
1.001273	1863.815342
1.001273	1863.815342
1.001358	1863.815342
1.001358	1863.815342
1.001444	1863.815342
1.001444	1863.815342
1.001529	1863.815342
1.001529	1863.815342
1.001614	1863.815342
1.001614	1863.815342
1.001699	1863.815342
1.001699	1863.815342
1.001785	1863.815342
1.001785	1863.815342
1.001870	1863.815342
1.001870	1863.815342
1.001955	1863.815342
1.001955	1863.815342
1.002040	1863.815342
1.002040	1863.815342
1.002126	1863.815342
1.002126	1863.815342
1.010594	1759.659050
1.010594	1759.659050
1.010679	1792.252243
1.010679	1792.252243
1.010764	1824.823340
1.010764	1824.823340
1.010850	1857.364959
1.010850	1857.364959
1.010935	1889.891805
1.010935	1889.891805
1.011020	1922.396622
1.011020	1922.396622
1.011105	1954.879433
1.011105	1954.879433
1.011191	1987.332349
1.011191	1987.332349
1.011276	2019.771088
1.011276	2019.771088
1.011361	2052.187889
1.011361	2052.187889
1.011447	2084.574483
1.011447	2084.574483
1.011532	2116.947347
1.011532	2116.947347
1.011617	2149.298338
1.011617	2149.298338
1.011702	2181.627480
1.011702	2181.627480
1.011788	2213.926001
1.011788	2213.926001
1.011873	2246.211384
1.011873	2246.211384
1.011958	2278.474984
1.011958	2278.474984
1.012044	2310.707654
1.012044	2310.707654
1.012129	2342.927628
1.012129	2342.927628
1.012214	2375.125885
1.012214	2375.125885
1.020594	2375.125885
1.020594	2375.125885
1.020679	2375.125885
1.020679	2375.125885
1.020764	2375.125885
1.020764	2375.125885
1.020850	2375.125885
1.020850	2375.125885
1.020935	2375.125885
1.020935	2375.125885
1.021020	2375.125885
1.021020	2375.125885
1.021105	2375.125885
1.021105	2375.125885
1.021191	2375.125885
1.021191	2375.125885
1.021276	2375.125885
1.021276	2375.125885
1.021361	2375.125885
1.021361	2375.125885
1.021447	2375.125885
1.021447	2375.125885
1.021532	2375.125885
1.021532	2375.125885
1.021617	2375.125885
1.021617	2375.125885
1.021702	2375.125885
1.021702	2375.125885
1.021788	2375.125885
1.021788	2375.125885
1.021873	2375.125885
1.021873	2375.125885
1.021958	2375.125885
1.021958	2375.125885
1.022044	2375.125885
1.022044	2375.125885
1.022129	2375.125885
1.022129	2375.125885
1.022214	2375.125885
1.022214	2375.125885
1.030603	2214.905230
1.030603	2214.905230
1.030688	2215.391890
1.030688	2215.391890
1.030773	2215.878245
1.030773	2215.878245
1.030859	2216.356111
1.030859	2216.356111
1.030944	2216.841857
1.030944	2216.841857
1.031029	2217.327297
1.031029	2217.327297
1.031115	2217.804253
1.031115	2217.804253
1.031200	2218.289086
1.031200	2218.289086
1.031285	2218.773614
1.031285	2218.773614
1.031370	2219.257840
1.031370	2219.257840
1.031456	2219.733585
1.031456	2219.733585
1.031541	2220.217205
1.031541	2220.217205
1.031626	2220.700522
1.031626	2220.700522
1.031712	2221.175362
1.031712	2221.175362
1.031797	2221.658076
1.031797	2221.658076
1.031882	2222.140487
1.031882	2222.140487
1.031967	2222.622598
1.031967	2222.622598
1.032053	2223.096235
1.032053	2223.096235
1.032138	2223.577744
1.032138	2223.577744
1.032223	2224.058952
1.032223	2224.058952
1.040603	2224.058952
1.040603	2224.058952
1.040688	2224.058952
1.040688	2224.058952
1.040773	2224.058952
1.040773	2224.058952
1.040859	2224.058952
1.040859	2224.058952
1.040944	2224.058952
1.040944	2224.058952
1.041029	2224.058952
1.041029	2224.058952
1.041115	2224.058952
1.041115	2224.058952
1.041200	2224.058952
1.041200	2224.058952
1.041285	2224.058952
1.041285	2224.058952
1.041370	2224.058952
1.041370	2224.058952
1.041456	2224.058952
1.041456	2224.058952
1.041541	2224.058952
1.041541	2224.058952
1.041626	2224.058952
1.041626	2224.058952
1.041712	2224.058952
1.041712	2224.058952
1.041797	2224.058952
1.041797	2224.058952
1.041882	2224.058952
1.041882	2224.058952
1.041967	2224.058952
1.041967	2224.058952
1.042053	2224.058952
1.042053	2224.058952
1.042138	2224.058952
1.042138	2224.058952
1.042223	2224.058952
1.042223	2224.058952
1.050691	2111.382877
1.050691	2111.382877
1.050776	2139.378766
1.050776	2139.378766
1.050862	2167.350840
1.050862	2167.350840
1.050947	2195.313923
1.050947	2195.313923
1.051032	2223.260672
1.051032	2223.260672
1.051118	2251.183369
1.051118	2251.183369
1.051203	2279.097399
1.051203	2279.097399
1.051288	2306.995139
1.051288	2306.995139
1.051373	2334.876601
1.051373	2334.876601
1.051459	2362.733695
1.051459	2362.733695
1.051544	2390.582554
1.051544	2390.582554
1.051629	2418.415178
1.051629	2418.415178
1.051715	2446.223197
1.051715	2446.223197
1.051800	2474.023304
1.051800	2474.023304
1.051885	2501.807219
1.051885	2501.807219
1.051970	2529.574956
1.051970	2529.574956
1.052056	2557.317775
1.052056	2557.317775
1.052141	2585.053108
1.052141	2585.053108
1.052226	2612.772306
1.052226	2612.772306
1.052312	2640.466351
1.052312	2640.466351
1.060691	2640.466351
1.060691	2640.466351
1.060776	2640.466351
1.060776	2640.466351
1.060862	2640.466351
1.060862	2640.466351
1.060947	2640.466351
1.060947	2640.466351
1.061032	2640.466351
1.061032	2640.466351
1.061118	2640.466351
1.061118	2640.466351
1.061203	2640.466351
1.061203	2640.466351
1.061288	2640.466351
1.061288	2640.466351
1.061373	2640.466351
1.061373	2640.466351
1.061459	2640.466351
1.061459	2640.466351
1.061544	2640.466351
1.061544	2640.466351
1.061629	2640.466351
1.061629	2640.466351
1.061715	2640.466351
1.061715	2640.466351
1.061800	2640.466351
1.061800	2640.466351
1.061885	2640.466351
1.061885	2640.466351
1.061970	2640.466351
1.061970	2640.466351
1.062056	2640.466351
1.062056	2640.466351
1.062141	2640.466351
1.062141	2640.466351
1.062226	2640.466351
1.062226	2640.466351
1.062312	2640.466351
1.062312	2640.466351
1.070700	2485.226907
1.070700	2485.226907
1.070786	2485.568848
1.070786	2485.568848
1.070871	2485.918596
1.070871	2485.918596
1.070956	2486.268154
1.070956	2486.268154
1.071041	2486.617520
1.071041	2486.617520
1.071127	2486.958702
1.071127	2486.958702
1.071212	2487.307687
1.071212	2487.307687
1.071297	2487.656482
1.071297	2487.656482
1.071383	2487.997097
1.071383	2487.997097
1.071468	2488.345512
1.071468	2488.345512
1.071553	2488.693738
1.071553	2488.693738
1.071638	2489.041773
1.071638	2489.041773
1.071724	2489.381632
1.071724	2489.381632
1.071809	2489.729289
1.071809	2489.729289
1.071894	2490.076757
1.071894	2490.076757
1.071980	2490.416052
1.071980	2490.416052
1.072065	2490.763142
1.072065	2490.763142
1.072150	2491.110043
1.072150	2491.110043
1.072235	2491.456755
1.072235	2491.456755
1.072321	2491.795300
1.072321	2491.795300
1.080700	2491.795300
1.080700	2491.795300
1.080786	2491.795300
1.080786	2491.795300
1.080871	2491.795300
1.080871	2491.795300
1.080956	2491.795300
1.080956	2491.795300
1.081041	2491.795300
1.081041	2491.795300
1.081127	2491.795300
1.081127	2491.795300
1.081212	2491.795300
1.081212	2491.795300
1.081297	2491.795300
1.081297	2491.795300
1.081383	2491.795300
1.081383	2491.795300
1.081468	2491.795300
1.081468	2491.795300
1.081553	2491.795300
1.081553	2491.795300
1.081638	2491.795300
1.081638	2491.795300
1.081724	2491.795300
1.081724	2491.795300
1.081809	2491.795300
1.081809	2491.795300
1.081894	2491.795300
1.081894	2491.795300
1.081980	2491.795300
1.081980	2491.795300
1.082065	2491.795300
1.082065	2491.795300
1.082150	2491.795300
1.082150	2491.795300
1.082235	2491.795300
1.082235	2491.795300
1.082321	2491.795300
1.082321	2491.795300
1.090789	2377.829976
1.090789	2377.829976
1.090874	2402.364646
1.090874	2402.364646
1.090959	2426.886714
1.090959	2426.886714
1.091044	2451.396189
1.091044	2451.396189
1.091130	2475.885604
1.091130	2475.885604
1.091215	2500.369850
1.091215	2500.369850
1.091300	2524.841533
1.091300	2524.841533
1.091386	2549.292970
1.091386	2549.292970
1.091471	2573.739482
1.091471	2573.739482
1.091556	2598.173461
1.091556	2598.173461
1.091641	2622.594914
1.091641	2622.594914
1.091727	2646.995873
1.091727	2646.995873
1.091812	2671.392234
1.091812	2671.392234
1.091897	2695.776099
1.091897	2695.776099
1.091983	2720.139284
1.091983	2720.139284
1.092068	2744.498115
1.092068	2744.498115
1.092153	2768.844478
1.092153	2768.844478
1.092238	2793.178384
1.092238	2793.178384
1.092324	2817.491364
1.092324	2817.491364
1.092409	2841.800312
1.092409	2841.800312
1.100789	2841.800312
1.100789	2841.800312
1.100874	2841.800312
1.100874	2841.800312
1.100959	2841.800312
1.100959	2841.800312
1.101044	2841.800312
1.101044	2841.800312
1.101130	2841.800312
1.101130	2841.800312
1.101215	2841.800312
1.101215	2841.800312
1.101300	2841.800312
1.101300	2841.800312
1.101386	2841.800312
1.101386	2841.800312
1.101471	2841.800312
1.101471	2841.800312
1.101556	2841.800312
1.101556	2841.800312
1.101641	2841.800312
1.101641	2841.800312
1.101727	2841.800312
1.101727	2841.800312
1.101812	2841.800312
1.101812	2841.800312
1.101897	2841.800312
1.101897	2841.800312
1.101983	2841.800312
1.101983	2841.800312
1.102068	2841.800312
1.102068	2841.800312
1.102153	2841.800312
1.102153	2841.800312
1.102238	2841.800312
1.102238	2841.800312
1.102324	2841.800312
1.102324	2841.800312
1.102409	2841.800312
1.102409	2841.800312
1.110798	2693.743978
1.110798	2693.743978
1.110883	2694.003414
1.110883	2694.003414
1.110968	2694.262725
1.110968	2694.262725
1.111054	2694.514234
1.111054	2694.514234
1.111139	2694.773295
1.111139	2694.773295
1.111224	2695.032230
1.111224	2695.032230
1.111309	2695.291040
1.111309	2695.291040
1.111395	2695.542054
1.111395	2695.542054
1.111480	2695.800615
1.111480	2695.800615
1.111565	2696.059050
1.111565	2696.059050
1.111651	2696.309693
1.111651	2696.309693
1.111736	2696.567880
1.111736	2696.567880
1.111821	2696.825943
1.111821	2696.825943
1.111906	2697.083880
1.111906	2697.083880
1.111992	2697.334030
1.111992	2697.334030
1.112077	2697.591720
1.112077	2697.591720
1.112162	2697.849285
1.112162	2697.849285
1.112248	2698.099067
1.112248	2698.099067
1.112333	2698.356384
1.112333	2698.356384
1.112418	2698.613578
1.112418	2698.613578
1.120798	2698.613578
1.120798	2698.613578
1.120883	2698.613578
1.120883	2698.613578
1.120968	2698.613578
1.120968	2698.613578
1.121054	2698.613578
1.121054	2698.613578
1.121139	2698.613578
1.121139	2698.613578
1.121224	2698.613578
1.121224	2698.613578
1.121309	2698.613578
1.121309	2698.613578
1.121395	2698.613578
1.121395	2698.613578
1.121480	2698.613578
1.121480	2698.613578
1.121565	2698.613578
1.121565	2698.613578
1.121651	2698.613578
1.121651	2698.613578
1.121736	2698.613578
1.121736	2698.613578
1.121821	2698.613578
1.121821	2698.613578
1.121906	2698.613578
1.121906	2698.613578
1.121992	2698.613578
1.121992	2698.613578
1.122077	2698.613578
1.122077	2698.613578
1.122162	2698.613578
1.122162	2698.613578
1.122248	2698.613578
1.122248	2698.613578
1.122333	2698.613578
1.122333	2698.613578
1.122418	2698.613578
1.122418	2698.613578
1.130886	2586.670837
1.130886	2586.670837
1.130971	2608.505786
1.130971	2608.505786
1.131057	2630.323643
1.131057	2630.323643
1.131142	2652.138535
1.131142	2652.138535
1.131227	2673.943436
1.131227	2673.943436
1.131312	2695.738355
1.131312	2695.738355
1.131398	2717.515980
1.131398	2717.515980
1.131483	2739.290896
1.131483	2739.290896
1.131568	2761.055850
1.131568	2761.055850
1.131654	2782.803360
1.131654	2782.803360
1.131739	2804.548352
1.131739	2804.548352
1.131824	2826.283403
1.131824	2826.283403
1.131909	2848.008518
1.131909	2848.008518
1.131995	2869.715991
1.131995	2869.715991
1.132080	2891.421200
1.132080	2891.421200
1.132165	2913.116494
1.132165	2913.116494
1.132251	2934.793997
1.132251	2934.793997
1.132336	2956.469425
1.132336	2956.469425
1.132421	2978.134960
1.132421	2978.134960
1.132506	2999.790607
1.132506	2999.790607
1.140886	2999.790607
1.140886	2999.790607
1.140971	2999.790607
1.140971	2999.790607
1.141057	2999.790607
1.141057	2999.790607
1.141142	2999.790607
1.141142	2999.790607
1.141227	2999.790607
1.141227	2999.790607
1.141312	2999.790607
1.141312	2999.790607
1.141398	2999.790607
1.141398	2999.790607
1.141483	2999.790607
1.141483	2999.790607
1.141568	2999.790607
1.141568	2999.790607
1.141654	2999.790607
1.141654	2999.790607
1.141739	2999.790607
1.141739	2999.790607
1.141824	2999.790607
1.141824	2999.790607
1.141909	2999.790607
1.141909	2999.790607
1.141995	2999.790607
1.141995	2999.790607
1.142080	2999.790607
1.142080	2999.790607
1.142165	2999.790607
1.142165	2999.790607
1.142251	2999.790607
1.142251	2999.790607
1.142336	2999.790607
1.142336	2999.790607
1.142421	2999.790607
1.142421	2999.790607
1.142506	2999.790607
1.142506	2999.790607
1.150895	2859.489121
1.150895	2859.489121
1.150980	2859.685917
1.150980	2859.685917
1.151066	2859.875315
1.151066	2859.875315
1.151151	2860.071942
1.151151	2860.071942
1.151236	2860.268482
1.151236	2860.268482
1.151322	2860.457628
1.151322	2860.457628
1.151407	2860.654000
1.151407	2860.654000
1.151492	2860.850286
1.151492	2860.850286
1.151577	2861.046486
1.151577	2861.046486
1.151663	2861.235297
1.151663	2861.235297
1.151748	2861.431328
1.151748	2861.431328
1.151833	2861.627275
1.151833	2861.627275
1.151919	2861.815834
1.151919	2861.815834
1.152004	2862.011612
1.152004	2862.011612
1.152089	2862.207305
1.152089	2862.207305
1.152174	2862.402913
1.152174	2862.402913
1.152260	2862.591139
1.152260	2862.591139
1.152345	2862.786578
1.152345	2862.786578
1.152430	2862.981933
1.152430	2862.981933
1.152516	2863.169909
1.152516	2863.169909
1.160895	2863.169909
1.160895	2863.169909
1.160980	2863.169909
1.160980	2863.169909
1.161066	2863.169909
1.161066	2863.169909
1.161151	2863.169909
1.161151	2863.169909
1.161236	2863.169909
1.161236	2863.169909
1.161322	2863.169909
1.161322	2863.169909
1.161407	2863.169909
1.161407	2863.169909
1.161492	2863.169909
1.161492	2863.169909
1.161577	2863.169909
1.161577	2863.169909
1.161663	2863.169909
1.161663	2863.169909
1.161748	2863.169909
1.161748	2863.169909
1.161833	2863.169909
1.161833	2863.169909
1.161919	2863.169909
1.161919	2863.169909
1.162004	2863.169909
1.162004	2863.169909
1.162089	2863.169909
1.162089	2863.169909
1.162174	2863.169909
1.162174	2863.169909
1.162260	2863.169909
1.162260	2863.169909
1.162345	2863.169909
1.162345	2863.169909
1.162430	2863.169909
1.162430	2863.169909
1.162516	2863.169909
1.162516	2863.169909
1.170984	2754.754443
1.170984	2754.754443
1.171069	2774.424732
1.171069	2774.424732
1.171154	2794.086887
1.171154	2794.086887
1.171239	2813.740915
1.171239	2813.740915
1.171325	2833.379931
1.171325	2833.379931
1.171410	2853.017671
1.171410	2853.017671
1.171495	2872.647298
1.171495	2872.647298
1.171580	2892.268818
1.171580	2892.268818
1.171666	2911.875161
1.171666	2911.875161
1.171751	2931.480434
1.171751	2931.480434
1.171836	2951.077613
1.171836	2951.077613
1.171922	2970.659494
1.171922	2970.659494
1.172007	2990.240457
1.172007	2990.240457
1.172092	3009.813343
1.172092	3009.813343
1.172177	3029.378156
1.172177	3029.378156
1.172263	3048.927505
1.172263	3048.927505
1.172348	3068.476142
1.172348	3068.476142
1.172433	3088.016720
1.172433	3088.016720
1.172519	3107.541713
1.172519	3107.541713
1.172604	3127.066146
1.172604	3127.066146
1.180984	3127.066146
1.180984	3127.066146
1.181069	3127.066146
1.181069	3127.066146
1.181154	3127.066146
1.181154	3127.066146
1.181239	3127.066146
1.181239	3127.066146
1.181325	3127.066146
1.181325	3127.066146
1.181410	3127.066146
1.181410	3127.066146
1.181495	3127.066146
1.181495	3127.066146
1.181580	3127.066146
1.181580	3127.066146
1.181666	3127.066146
1.181666	3127.066146
1.181751	3127.066146
1.181751	3127.066146
1.181836	3127.066146
1.181836	3127.066146
1.181922	3127.066146
1.181922	3127.066146
1.182007	3127.066146
1.182007	3127.066146
1.182092	3127.066146
1.182092	3127.066146
1.182177	3127.066146
1.182177	3127.066146
1.182263	3127.066146
1.182263	3127.066146
1.182348	3127.066146
1.182348	3127.066146
1.182433	3127.066146
1.182433	3127.066146
1.182519	3127.066146
1.182519	3127.066146
1.182604	3127.066146
1.182604	3127.066146
1.190993	2994.387380
1.190993	2994.387380
1.191078	2994.539271
1.191078	2994.539271
1.191163	2994.691103
1.191163	2994.691103
1.191248	2994.842875
1.191248	2994.842875
1.191334	2994.987643
1.191334	2994.987643
1.191419	2995.139296
1.191419	2995.139296
1.191504	2995.290890
1.191504	2995.290890
1.191590	2995.435483
1.191590	2995.435483
1.191675	2995.586958
1.191675	2995.586958
1.191760	2995.738373
1.191760	2995.738373
1.191845	2995.889729
1.191845	2995.889729
1.191931	2996.034089
1.191931	2996.034089
1.192016	2996.185326
1.192016	2996.185326
1.192101	2996.336505
1.192101	2996.336505
1.192187	2996.480690
1.192187	2996.480690
1.192272	2996.631750
1.192272	2996.631750
1.192357	2996.782751
1.192357	2996.782751
1.192442	2996.933693
1.192442	2996.933693
1.192528	2997.077646
1.192528	2997.077646
1.192613	2997.228470
1.192613	2997.228470
1.200993	2997.228470
1.200993	2997.228470
1.201078	2997.228470
1.201078	2997.228470
1.201163	2997.228470
1.201163	2997.228470
1.201248	2997.228470
1.201248	2997.228470
1.201334	2997.228470
1.201334	2997.228470
1.201419	2997.228470
1.201419	2997.228470
1.201504	2997.228470
1.201504	2997.228470
1.201590	2997.228470
1.201590	2997.228470
1.201675	2997.228470
1.201675	2997.228470
1.201760	2997.228470
1.201760	2997.228470
1.201845	2997.228470
1.201845	2997.228470
1.201931	2997.228470
1.201931	2997.228470
1.202016	2997.228470
1.202016	2997.228470
1.202101	2997.228470
1.202101	2997.228470
1.202187	2997.228470
1.202187	2997.228470
1.202272	2997.228470
1.202272	2997.228470
1.202357	2997.228470
1.202357	2997.228470
1.202442	2997.228470
1.202442	2997.228470
1.202528	2997.228470
1.202528	2997.228470
1.202613	2997.228470
1.202613	2997.228470
1.211081	2892.961575
1.211081	2892.961575
1.211166	2910.857644
1.211166	2910.857644
1.211252	2928.740482
1.211252	2928.740482
1.211337	2946.623033
1.211337	2946.623033
1.211422	2964.498850
1.211422	2964.498850
1.211507	2982.367937
1.211507	2982.367937
1.211593	3000.223653
1.211593	3000.223653
1.211678	3018.079251
1.211678	3018.079251
1.211763	3035.928130
1.211763	3035.928130
1.211848	3053.770294
1.211848	3053.770294
1.211934	3071.598950
1.211934	3071.598950
1.212019	3089.427657
1.212019	3089.427657
1.212104	3107.249659
1.212104	3107.249659
1.212190	3125.058051
1.212190	3125.058051
1.212275	3142.866619
1.212275	3142.866619
1.212360	3160.668494
1.212360	3160.668494
1.212445	3178.463681
1.212445	3178.463681
1.212531	3196.245119
1.212531	3196.245119
1.212616	3214.026901
1.212616	3214.026901
1.212701	3231.802006
1.212701	3231.802006
1.221081	3231.802006
1.221081	3231.802006
1.221166	3231.802006
1.221166	3231.802006
1.221252	3231.802006
1.221252	3231.802006
1.221337	3231.802006
1.221337	3231.802006
1.221422	3231.802006
1.221422	3231.802006
1.221507	3231.802006
1.221507	3231.802006
1.221593	3231.802006
1.221593	3231.802006
1.221678	3231.802006
1.221678	3231.802006
1.221763	3231.802006
1.221763	3231.802006
1.221848	3231.802006
1.221848	3231.802006
1.221934	3231.802006
1.221934	3231.802006
1.222019	3231.802006
1.222019	3231.802006
1.222104	3231.802006
1.222104	3231.802006
1.222190	3231.802006
1.222190	3231.802006
1.222275	3231.802006
1.222275	3231.802006
1.222360	3231.802006
1.222360	3231.802006
1.222445	3231.802006
1.222445	3231.802006
1.222531	3231.802006
1.222531	3231.802006
1.222616	3231.802006
1.222616	3231.802006
1.222701	3231.802006
1.222701	3231.802006
1.231090	3106.327878
1.231090	3106.327878
1.231175	3106.446649
1.231175	3106.446649
1.231261	3106.558786
1.231261	3106.558786
1.231346	3106.677473
1.231346	3106.677473
1.231431	3106.796117
1.231431	3106.796117
1.231516	3106.914718
1.231516	3106.914718
1.231602	3107.026688
1.231602	3107.026688
1.231687	3107.145204
1.231687	3107.145204
1.231772	3107.263678
1.231772	3107.263678
1.231858	3107.375524
1.231858	3107.375524
1.231943	3107.493913
1.231943	3107.493913
1.232028	3107.612260
1.232028	3107.612260
1.232113	3107.730565
1.232113	3107.730565
1.232199	3107.842244
1.232199	3107.842244
1.232284	3107.960464
1.232284	3107.960464
1.232369	3108.078642
1.232369	3108.078642
1.232455	3108.190198
1.232455	3108.190198
1.232540	3108.308291
1.232540	3108.308291
1.232625	3108.426342
1.232625	3108.426342
1.232710	3108.544351
1.232710	3108.544351
1.241090	3108.544351
1.241090	3108.544351
1.241175	3108.544351
1.241175	3108.544351
1.241261	3108.544351
1.241261	3108.544351
1.241346	3108.544351
1.241346	3108.544351
1.241431	3108.544351
1.241431	3108.544351
1.241516	3108.544351
1.241516	3108.544351
1.241602	3108.544351
1.241602	3108.544351
1.241687	3108.544351
1.241687	3108.544351
1.241772	3108.544351
1.241772	3108.544351
1.241858	3108.544351
1.241858	3108.544351
1.241943	3108.544351
1.241943	3108.544351
1.242028	3108.544351
1.242028	3108.544351
1.242113	3108.544351
1.242113	3108.544351
1.242199	3108.544351
1.242199	3108.544351
1.242284	3108.544351
1.242284	3108.544351
1.242369	3108.544351
1.242369	3108.544351
1.242455	3108.544351
1.242455	3108.544351
1.242540	3108.544351
1.242540	3108.544351
1.242625	3108.544351
1.242625	3108.544351
1.242710	3108.544351
1.242710	3108.544351
1.251178	3008.603806
1.251178	3008.603806
1.251264	3025.013028
1.251264	3025.013028
1.251349	3041.422695
1.251349	3041.422695
1.251434	3057.826687
1.251434	3057.826687
1.251520	3074.218750
1.251520	3074.218750
1.251605	3090.611365
1.251605	3090.611365
1.251690	3106.998312
1.251690	3106.998312
1.251775	3123.379594
1.251775	3123.379594
1.251861	3139.748831
1.251861	3139.748831
1.251946	3156.118761
1.251946	3156.118761
1.252031	3172.483035
1.252031	3172.483035
1.252116	3188.841655
1.252116	3188.841655
1.252202	3205.188114
1.252202	3205.188114
1.252287	3221.535405
1.252287	3221.535405
1.252372	3237.877052
1.252372	3237.877052
1.252458	3254.206450
1.252458	3254.206450
1.252543	3270.536786
1.252543	3270.536786
1.252628	3286.861486
1.252628	3286.861486
1.252713	3303.180553
1.252713	3303.180553
1.252799	3319.487255
1.252799	3319.487255
1.261178	3319.487255
1.261178	3319.487255
1.261264	3319.487255
1.261264	3319.487255
1.261349	3319.487255
1.261349	3319.487255
1.261434	3319.487255
1.261434	3319.487255
1.261520	3319.487255
1.261520	3319.487255
1.261605	3319.487255
1.261605	3319.487255
1.261690	3319.487255
1.261690	3319.487255
1.261775	3319.487255
1.261775	3319.487255
1.261861	3319.487255
1.261861	3319.487255
1.261946	3319.487255
1.261946	3319.487255
1.262031	3319.487255
1.262031	3319.487255
1.262116	3319.487255
1.262116	3319.487255
1.262202	3319.487255
1.262202	3319.487255
1.262287	3319.487255
1.262287	3319.487255
1.262372	3319.487255
1.262372	3319.487255
1.262458	3319.487255
1.262458	3319.487255
1.262543	3319.487255
1.262543	3319.487255
1.262628	3319.487255
1.262628	3319.487255
1.262713	3319.487255
1.262713	3319.487255
1.262799	3319.487255
1.262799	3319.487255
1.271188	3200.701112
1.271188	3200.701112
1.271273	3200.794879
1.271273	3200.794879
1.271358	3200.888614
1.271358	3200.888614
1.271443	3200.982319
1.271443	3200.982319
1.271529	3201.069734
1.271529	3201.069734
1.271614	3201.163377
1.271614	3201.163377
1.271699	3201.256989
1.271699	3201.256989
1.271784	3201.350570
1.271784	3201.350570
1.271870	3201.437865
1.271870	3201.437865
1.271955	3201.531385
1.271955	3201.531385
1.272040	3201.624873
1.272040	3201.624873
1.272126	3201.712079
1.272126	3201.712079
1.272211	3201.805506
1.272211	3201.805506
1.272296	3201.898902
1.272296	3201.898902
1.272381	3201.992267
1.272381	3201.992267
1.272467	3202.079353
1.272467	3202.079353
1.272552	3202.172658
1.272552	3202.172658
1.272637	3202.265931
1.272637	3202.265931
1.272723	3202.352927
1.272723	3202.352927
1.272808	3202.446140
1.272808	3202.446140
1.281188	3202.446140
1.281188	3202.446140
1.281273	3202.446140
1.281273	3202.446140
1.281358	3202.446140
1.281358	3202.446140
1.281443	3202.446140
1.281443	3202.446140
1.281529	3202.446140
1.281529	3202.446140
1.281614	3202.446140
1.281614	3202.446140
1.281699	3202.446140
1.281699	3202.446140
1.281784	3202.446140
1.281784	3202.446140
1.281870	3202.446140
1.281870	3202.446140
1.281955	3202.446140
1.281955	3202.446140
1.282040	3202.446140
1.282040	3202.446140
1.282126	3202.446140
1.282126	3202.446140
1.282211	3202.446140
1.282211	3202.446140
1.282296	3202.446140
1.282296	3202.446140
1.282381	3202.446140
1.282381	3202.446140
1.282467	3202.446140
1.282467	3202.446140
1.282552	3202.446140
1.282552	3202.446140
1.282637	3202.446140
1.282637	3202.446140
1.282723	3202.446140
1.282723	3202.446140
1.282808	3202.446140
1.282808	3202.446140
1.291276	3106.784421
1.291276	3106.784421
1.291361	3121.945344
1.291361	3121.945344
1.291446	3137.101418
1.291446	3137.101418
1.291532	3152.246713
1.291532	3152.246713
1.291617	3167.393067
1.291617	3167.393067
1.291702	3182.534578
1.291702	3182.534578
1.291788	3197.665235
1.291788	3197.665235
1.291873	3212.797040
1.291873	3212.797040
1.291958	3227.924009
1.291958	3227.924009
1.292043	3243.046145
1.292043	3243.046145
1.292129	3258.157327
1.292129	3258.157327
1.292214	3273.269775
1.292214	3273.269775
1.292299	3288.377397
1.292299	3288.377397
1.292384	3303.480195
1.292384	3303.480195
1.292470	3318.571938
1.292470	3318.571938
1.292555	3333.665067
1.292555	3333.665067
1.292640	3348.753379
1.292640	3348.753379
1.292726	3363.830562
1.292726	3363.830562
1.292811	3378.909219
1.292811	3378.909219
1.292896	3393.983066
1.292896	3393.983066
1.301276	3393.983066
1.301276	3393.983066
1.301361	3393.983066
1.301361	3393.983066
1.301446	3393.983066
1.301446	3393.983066
1.301532	3393.983066
1.301532	3393.983066
1.301617	3393.983066
1.301617	3393.983066
1.301702	3393.983066
1.301702	3393.983066
1.301788	3393.983066
1.301788	3393.983066
1.301873	3393.983066
1.301873	3393.983066
1.301958	3393.983066
1.301958	3393.983066
1.302043	3393.983066
1.302043	3393.983066
1.302129	3393.983066
1.302129	3393.983066
1.302214	3393.983066
1.302214	3393.983066
1.302299	3393.983066
1.302299	3393.983066
1.302384	3393.983066
1.302384	3393.983066
1.302470	3393.983066
1.302470	3393.983066
1.302555	3393.983066
1.302555	3393.983066
1.302640	3393.983066
1.302640	3393.983066
1.302726	3393.983066
1.302726	3393.983066
1.302811	3393.983066
1.302811	3393.983066
1.302896	3393.983066
1.302896	3393.983066
1.311285	3281.351751
1.311285	3281.351751
1.311370	3281.426265
1.311370	3281.426265
1.311456	3281.494806
1.311456	3281.494806
1.311541	3281.569276
1.311541	3281.569276
1.311626	3281.643722
1.311626	3281.643722
1.311711	3281.718146
1.311711	3281.718146
1.311797	3281.786599
1.311797	3281.786599
1.311882	3281.860978
1.311882	3281.860978
1.311967	3281.935333
1.311967	3281.935333
1.312052	3282.009666
1.312052	3282.009666
1.312138	3282.078031
1.312138	3282.078031
1.312223	3282.152319
1.312223	3282.152319
1.312308	3282.226584
1.312308	3282.226584
1.312394	3282.294884
1.312394	3282.294884
1.312479	3282.369104
1.312479	3282.369104
1.312564	3282.443301
1.312564	3282.443301
1.312649	3282.517475
1.312649	3282.517475
1.312735	3282.585688
1.312735	3282.585688
1.312820	3282.659817
1.312820	3282.659817
1.312905	3282.733924
1.312905	3282.733924
1.321285	3282.733924
1.321285	3282.733924
1.321370	3282.733924
1.321370	3282.733924
1.321456	3282.733924
1.321456	3282.733924
1.321541	3282.733924
1.321541	3282.733924
1.321626	3282.733924
1.321626	3282.733924
1.321711	3282.733924
1.321711	3282.733924
1.321797	3282.733924
1.321797	3282.733924
1.321882	3282.733924
1.321882	3282.733924
1.321967	3282.733924
1.321967	3282.733924
1.322052	3282.733924
1.322052	3282.733924
1.322138	3282.733924
1.322138	3282.733924
1.322223	3282.733924
1.322223	3282.733924
1.322308	3282.733924
1.322308	3282.733924
1.322394	3282.733924
1.322394	3282.733924
1.322479	3282.733924
1.322479	3282.733924
1.322564	3282.733924
1.322564	3282.733924
1.322649	3282.733924
1.322649	3282.733924
1.322735	3282.733924
1.322735	3282.733924
1.322820	3282.733924
1.322820	3282.733924
1.322905	3282.733924
1.322905	3282.733924
1.331373	3191.190343
1.331373	3191.190343
1.331459	3205.269319
1.331459	3205.269319
1.331544	3219.349691
1.331544	3219.349691
1.331629	3233.425876
1.331629	3233.425876
1.331714	3247.497875
1.331714	3247.497875
1.331800	3261.559986
1.331800	3261.559986
1.331885	3275.623596
1.331885	3275.623596
1.331970	3289.683025
1.331970	3289.683025
1.332056	3303.732502
1.332056	3303.732502
1.332141	3317.783553
1.332141	3317.783553
1.332226	3331.830431
1.332226	3331.830431
1.332311	3345.873135
1.332311	3345.873135
1.332397	3359.905800
1.332397	3359.905800
1.332482	3373.940141
1.332482	3373.940141
1.332567	3387.970316
1.332567	3387.970316
1.332652	3401.996326
1.332652	3401.996326
1.332738	3416.012208
1.332738	3416.012208
1.332823	3430.029870
1.332823	3430.029870
1.332908	3444.043372
1.332908	3444.043372
1.332994	3458.046681
1.332994	3458.046681
1.341373	3458.046681
1.341373	3458.046681
1.341459	3458.046681
1.341459	3458.046681
1.341544	3458.046681
1.341544	3458.046681
1.341629	3458.046681
1.341629	3458.046681
1.341714	3458.046681
1.341714	3458.046681
1.341800	3458.046681
1.341800	3458.046681
1.341885	3458.046681
1.341885	3458.046681
1.341970	3458.046681
1.341970	3458.046681
1.342056	3458.046681
1.342056	3458.046681
1.342141	3458.046681
1.342141	3458.046681
1.342226	3458.046681
1.342226	3458.046681
1.342311	3458.046681
1.342311	3458.046681
1.342397	3458.046681
1.342397	3458.046681
1.342482	3458.046681
1.342482	3458.046681
1.342567	3458.046681
1.342567	3458.046681
1.342652	3458.046681
1.342652	3458.046681
1.342738	3458.046681
1.342738	3458.046681
1.342823	3458.046681
1.342823	3458.046681
1.342908	3458.046681
1.342908	3458.046681
1.342994	3458.046681
1.342994	3458.046681
1.351382	3351.065809
1.351382	3351.065809
1.351468	3351.119587
1.351468	3351.119587
1.351553	3351.179015
1.351553	3351.179015
1.351638	3351.238426
1.351638	3351.238426
1.351724	3351.292156
1.351724	3351.292156
1.351809	3351.351534
1.351809	3351.351534
1.351894	3351.410895
1.351894	3351.410895
1.351979	3351.470238
1.351979	3351.470238
1.352065	3351.523904
1.352065	3351.523904
1.352150	3351.583214
1.352150	3351.583214
1.352235	3351.642507
1.352235	3351.642507
1.352320	3351.701783
1.352320	3351.701783
1.352406	3351.755384
1.352406	3351.755384
1.352491	3351.814627
1.352491	3351.814627
1.352576	3351.873852
1.352576	3351.873852
1.352662	3351.927406
1.352662	3351.927406
1.352747	3351.986598
1.352747	3351.986598
1.352832	3352.045774
1.352832	3352.045774
1.352917	3352.104932
1.352917	3352.104932
1.353003	3352.158421
1.353003	3352.158421
1.361382	3352.158421
1.361382	3352.158421
1.361468	3352.158421
1.361468	3352.158421
1.361553	3352.158421
1.361553	3352.158421
1.361638	3352.158421
1.361638	3352.158421
1.361724	3352.158421
1.361724	3352.158421
1.361809	3352.158421
1.361809	3352.158421
1.361894	3352.158421
1.361894	3352.158421
1.361979	3352.158421
1.361979	3352.158421
1.362065	3352.158421
1.362065	3352.158421
1.362150	3352.158421
1.362150	3352.158421
1.362235	3352.158421
1.362235	3352.158421
1.362320	3352.158421
1.362320	3352.158421
1.362406	3352.158421
1.362406	3352.158421
1.362491	3352.158421
1.362491	3352.158421
1.362576	3352.158421
1.362576	3352.158421
1.362662	3352.158421
1.362662	3352.158421
1.362747	3352.158421
1.362747	3352.158421
1.362832	3352.158421
1.362832	3352.158421
1.362917	3352.158421
1.362917	3352.158421
1.363003	3352.158421
1.363003	3352.158421
1.371471	3264.521130
1.371471	3264.521130
1.371556	3277.672037
1.371556	3277.672037
1.371641	3290.819288
1.371641	3290.819288
1.371727	3303.957484
1.371727	3303.957484
1.371812	3317.097409
1.371812	3317.097409
1.371897	3330.233683
1.371897	3330.233683
1.371982	3343.366308
1.371982	3343.366308
1.372068	3356.489802
1.372068	3356.489802
1.372153	3369.615113
1.372153	3369.615113
1.372238	3382.736779
1.372238	3382.736779
1.372324	3395.849256
1.372324	3395.849256
1.372409	3408.963617
1.372409	3408.963617
1.372494	3422.074339
1.372494	3422.074339
1.372579	3435.181421
1.372579	3435.181421
1.372665	3448.279239
1.372665	3448.279239
1.372750	3461.379029
1.372750	3461.379029
1.372835	3474.475185
1.372835	3474.475185
1.372920	3487.567709
1.372920	3487.567709
1.373006	3500.650891
1.373006	3500.650891
1.373091	3513.736134
1.373091	3513.736134
1.381471	3513.736134
1.381471	3513.736134
1.381556	3513.736134
1.381556	3513.736134
1.381641	3513.736134
1.381641	3513.736134
1.381727	3513.736134
1.381727	3513.736134
1.381812	3513.736134
1.381812	3513.736134
1.381897	3513.736134
1.381897	3513.736134
1.381982	3513.736134
1.381982	3513.736134
1.382068	3513.736134
1.382068	3513.736134
1.382153	3513.736134
1.382153	3513.736134
1.382238	3513.736134
1.382238	3513.736134
1.382324	3513.736134
1.382324	3513.736134
1.382409	3513.736134
1.382409	3513.736134
1.382494	3513.736134
1.382494	3513.736134
1.382579	3513.736134
1.382579	3513.736134
1.382665	3513.736134
1.382665	3513.736134
1.382750	3513.736134
1.382750	3513.736134
1.382835	3513.736134
1.382835	3513.736134
1.382920	3513.736134
1.382920	3513.736134
1.383006	3513.736134
1.383006	3513.736134
1.383091	3513.736134
1.383091	3513.736134
1.391480	3411.921201
1.391480	3411.921201
1.391565	3411.968681
1.391565	3411.968681
1.391650	3412.016148
1.391650	3412.016148
1.391736	3412.058202
1.391736	3412.058202
1.391821	3412.105644
1.391821	3412.105644
1.391906	3412.153073
1.391906	3412.153073
1.391992	3412.195091
1.391992	3412.195091
1.392077	3412.242496
1.392077	3412.242496
1.392162	3412.289888
1.392162	3412.289888
1.392247	3412.337267
1.392247	3412.337267
1.392333	3412.379237
1.392333	3412.379237
1.392418	3412.426591
1.392418	3412.426591
1.392503	3412.473933
1.392503	3412.473933
1.392588	3412.521262
1.392588	3412.521262
1.392674	3412.563184
1.392674	3412.563184
1.392759	3412.610488
1.392759	3412.610488
1.392844	3412.657780
1.392844	3412.657780
1.392930	3412.699667
1.392930	3412.699667
1.393015	3412.746933
1.393015	3412.746933
1.393100	3412.794187
1.393100	3412.794187
1.401480	3412.794187
1.401480	3412.794187
1.401565	3412.794187
1.401565	3412.794187
1.401650	3412.794187
1.401650	3412.794187
1.401736	3412.794187
1.401736	3412.794187
1.401821	3412.794187
1.401821	3412.794187
1.401906	3412.794187
1.401906	3412.794187
1.401992	3412.794187
1.401992	3412.794187
1.402077	3412.794187
1.402077	3412.794187
1.402162	3412.794187
1.402162	3412.794187
1.402247	3412.794187
1.402247	3412.794187
1.402333	3412.794187
1.402333	3412.794187
1.402418	3412.794187
1.402418	3412.794187
1.402503	3412.794187
1.402503	3412.794187
1.402588	3412.794187
1.402588	3412.794187
1.402674	3412.794187
1.402674	3412.794187
1.402759	3412.794187
1.402759	3412.794187
1.402844	3412.794187
1.402844	3412.794187
1.402930	3412.794187
1.402930	3412.794187
1.403015	3412.794187
1.403015	3412.794187
1.403100	3412.794187
1.403100	3412.794187
1.411568	3328.831373
1.411568	3328.831373
1.411653	3341.164700
1.411653	3341.164700
1.411739	3353.489664
1.411739	3353.489664
1.411824	3365.816539
1.411824	3365.816539
1.411909	3378.140201
1.411909	3378.140201
1.411995	3390.455448
1.411995	3390.455448
1.412080	3402.772666
1.412080	3402.772666
1.412165	3415.086673
1.412165	3415.086673
1.412250	3427.397470
1.412250	3427.397470
1.412336	3439.699787
1.412336	3439.699787
1.412421	3452.004151
1.412421	3452.004151
1.412506	3464.305309
1.412506	3464.305309
1.412592	3476.597936
1.412592	3476.597936
1.412677	3488.892668
1.412677	3488.892668
1.412762	3501.184199
1.412762	3501.184199
1.412847	3513.472529
1.412847	3513.472529
1.412933	3525.752259
1.412933	3525.752259
1.413018	3538.034174
1.413018	3538.034174
1.413103	3550.312891
1.413103	3550.312891
1.413188	3562.588413
1.413188	3562.588413
1.421568	3562.588413
1.421568	3562.588413
1.421653	3562.588413
1.421653	3562.588413
1.421739	3562.588413
1.421739	3562.588413
1.421824	3562.588413
1.421824	3562.588413
1.421909	3562.588413
1.421909	3562.588413
1.421995	3562.588413
1.421995	3562.588413
1.422080	3562.588413
1.422080	3562.588413
1.422165	3562.588413
1.422165	3562.588413
1.422250	3562.588413
1.422250	3562.588413
1.422336	3562.588413
1.422336	3562.588413
1.422421	3562.588413
1.422421	3562.588413
1.422506	3562.588413
1.422506	3562.588413
1.422592	3562.588413
1.422592	3562.588413
1.422677	3562.588413
1.422677	3562.588413
1.422762	3562.588413
1.422762	3562.588413
1.422847	3562.588413
1.422847	3562.588413
1.422933	3562.588413
1.422933	3562.588413
1.423018	3562.588413
1.423018	3562.588413
1.423103	3562.588413
1.423103	3562.588413
1.423188	3562.588413
1.423188	3562.588413
1.431577	3465.514751
1.431577	3465.514751
1.431663	3465.547455
1.431663	3465.547455
1.431748	3465.585309
1.431748	3465.585309
1.431833	3465.623153
1.431833	3465.623153
1.431918	3465.660988
1.431918	3465.660988
1.432004	3465.693657
1.432004	3465.693657
1.432089	3465.731473
1.432089	3465.731473
1.432174	3465.769280
1.432174	3465.769280
1.432260	3465.801922
1.432260	3465.801922
1.432345	3465.839710
1.432345	3465.839710
1.432430	3465.877489
1.432430	3465.877489
1.432515	3465.915258
1.432515	3465.915258
1.432601	3465.947865
1.432601	3465.947865
1.432686	3465.985616
1.432686	3465.985616
1.432771	3466.023357
1.432771	3466.023357
1.432856	3466.061089
1.432856	3466.061089
1.432942	3466.093660
1.432942	3466.093660
1.433027	3466.131374
1.433027	3466.131374
1.433112	3466.169077
1.433112	3466.169077
1.433198	3466.201623
1.433198	3466.201623
1.441577	3466.201623
1.441577	3466.201623
1.441663	3466.201623
1.441663	3466.201623
1.441748	3466.201623
1.441748	3466.201623
1.441833	3466.201623
1.441833	3466.201623
1.441918	3466.201623
1.441918	3466.201623
1.442004	3466.201623
1.442004	3466.201623
1.442089	3466.201623
1.442089	3466.201623
1.442174	3466.201623
1.442174	3466.201623
1.442260	3466.201623
1.442260	3466.201623
1.442345	3466.201623
1.442345	3466.201623
1.442430	3466.201623
1.442430	3466.201623
1.442515	3466.201623
1.442515	3466.201623
1.442601	3466.201623
1.442601	3466.201623
1.442686	3466.201623
1.442686	3466.201623
1.442771	3466.201623
1.442771	3466.201623
1.442856	3466.201623
1.442856	3466.201623
1.442942	3466.201623
1.442942	3466.201623
1.443027	3466.201623
1.443027	3466.201623
1.443112	3466.201623
1.443112	3466.201623
1.443198	3466.201623
1.443198	3466.201623
1.451666	3385.680372
1.451666	3385.680372
1.451751	3397.291800
1.451751	3397.291800
1.451836	3408.900375
1.451836	3408.900375
1.451921	3420.506098
1.451921	3420.506098
1.452007	3432.104011
1.452007	3432.104011
1.452092	3443.704016
1.452092	3443.704016
1.452177	3455.301173
1.452177	3455.301173
1.452263	3466.890474
1.452263	3466.890474
1.452348	3478.481919
1.452348	3478.481919
1.452433	3490.070519
1.452433	3490.070519
1.452518	3501.656275
1.452518	3501.656275
1.452604	3513.234114
1.452604	3513.234114
1.452689	3524.814166
1.452689	3524.814166
1.452774	3536.391377
1.452774	3536.391377
1.452860	3547.960627
1.452860	3547.960627
1.452945	3559.532142
1.452945	3559.532142
1.453030	3571.100818
1.453030	3571.100818
1.453115	3582.666657
1.453115	3582.666657
1.453201	3594.224475
1.453201	3594.224475
1.453286	3605.784626
1.453286	3605.784626
1.461666	3605.784626
1.461666	3605.784626
1.461751	3605.784626
1.461751	3605.784626
1.461836	3605.784626
1.461836	3605.784626
1.461921	3605.784626
1.461921	3605.784626
1.462007	3605.784626
1.462007	3605.784626
1.462092	3605.784626
1.462092	3605.784626
1.462177	3605.784626
1.462177	3605.784626
1.462263	3605.784626
1.462263	3605.784626
1.462348	3605.784626
1.462348	3605.784626
1.462433	3605.784626
1.462433	3605.784626
1.462518	3605.784626
1.462518	3605.784626
1.462604	3605.784626
1.462604	3605.784626
1.462689	3605.784626
1.462689	3605.784626
1.462774	3605.784626
1.462774	3605.784626
1.462860	3605.784626
1.462860	3605.784626
1.462945	3605.784626
1.462945	3605.784626
1.463030	3605.784626
1.463030	3605.784626
1.463115	3605.784626
1.463115	3605.784626
1.463201	3605.784626
1.463201	3605.784626
1.463286	3605.784626
1.463286	3605.784626
1.471675	3513.064250
1.471675	3513.064250
1.471760	3513.094301
1.471760	3513.094301
1.471845	3513.124346
1.471845	3513.124346
1.471931	3513.149448
1.471931	3513.149448
1.472016	3513.179479
1.472016	3513.179479
1.472101	3513.209503
1.472101	3513.209503
1.472186	3513.239519
1.472186	3513.239519
1.472272	3513.264596
1.472272	3513.264596
1.472357	3513.294598
1.472357	3513.294598
1.472442	3513.324593
1.472442	3513.324593
1.472528	3513.349651
1.472528	3513.349651
1.472613	3513.379632
1.472613	3513.379632
1.472698	3513.409607
1.472698	3513.409607
1.472783	3513.439574
1.472783	3513.439574
1.472869	3513.464606
1.472869	3513.464606
1.472954	3513.494559
1.472954	3513.494559
1.473039	3513.524506
1.473039	3513.524506
1.473124	3513.554445
1.473124	3513.554445
1.473210	3513.579451
1.473210	3513.579451
1.473295	3513.609376
1.473295	3513.609376
1.481675	3513.609376
1.481675	3513.609376
1.481760	3513.609376
1.481760	3513.609376
1.481845	3513.609376
1.481845	3513.609376
1.481931	3513.609376
1.481931	3513.609376
1.482016	3513.609376
1.482016	3513.609376
1.482101	3513.609376
1.482101	3513.609376
1.482186	3513.609376
1.482186	3513.609376
1.482272	3513.609376
1.482272	3513.609376
1.482357	3513.609376
1.482357	3513.609376
1.482442	3513.609376
1.482442	3513.609376
1.482528	3513.609376
1.482528	3513.609376
1.482613	3513.609376
1.482613	3513.609376
1.482698	3513.609376
1.482698	3513.609376
1.482783	3513.609376
1.482783	3513.609376
1.482869	3513.609376
1.482869	3513.609376
1.482954	3513.609376
1.482954	3513.609376
1.483039	3513.609376
1.483039	3513.609376
1.483124	3513.609376
1.483124	3513.609376
1.483210	3513.609376
1.483210	3513.609376
1.483295	3513.609376
1.483295	3513.609376
1.491763	3436.303831
1.491763	3436.303831
1.491848	3447.273204
1.491848	3447.273204
1.491934	3458.235305
1.491934	3458.235305
1.492019	3469.199570
1.492019	3469.199570
1.492104	3480.161289
1.492104	3480.161289
1.492189	3491.120462
1.492189	3491.120462
1.492275	3502.072309
1.492275	3502.072309
1.492360	3513.026380
1.492360	3513.026380
1.492445	3523.977910
1.492445	3523.977910
1.492531	3534.922072
1.492531	3534.922072
1.492616	3545.868504
1.492616	3545.868504
1.492701	3556.812397
1.492701	3556.812397
1.492786	3567.753751
1.492786	3567.753751
1.492872	3578.687684
1.492872	3578.687684
1.492957	3589.623948
1.492957	3589.623948
1.493042	3600.557676
1.493042	3600.557676
1.493128	3611.483943
1.493128	3611.483943
1.493213	3622.412587
1.493213	3622.412587
1.493298	3633.338697
1.493298	3633.338697
1.493383	3644.262275
1.493383	3644.262275
1.501763	3644.262275
1.501763	3644.262275
1.501848	3644.262275
1.501848	3644.262275
1.501934	3644.262275
1.501934	3644.262275
1.502019	3644.262275
1.502019	3644.262275
1.502104	3644.262275
1.502104	3644.262275
1.502189	3644.262275
1.502189	3644.262275
1.502275	3644.262275
1.502275	3644.262275
1.502360	3644.262275
1.502360	3644.262275
1.502445	3644.262275
1.502445	3644.262275
1.502531	3644.262275
1.502531	3644.262275
1.502616	3644.262275
1.502616	3644.262275
1.502701	3644.262275
1.502701	3644.262275
1.502786	3644.262275
1.502786	3644.262275
1.502872	3644.262275
1.502872	3644.262275
1.502957	3644.262275
1.502957	3644.262275
1.503042	3644.262275
1.503042	3644.262275
1.503128	3644.262275
1.503128	3644.262275
1.503213	3644.262275
1.503213	3644.262275
1.503298	3644.262275
1.503298	3644.262275
1.503383	3644.262275
1.503383	3644.262275
1.511772	3555.546096
1.511772	3555.546096
1.511857	3555.569743
1.511857	3555.569743
1.511943	3555.588655
1.511943	3555.588655
1.512028	3555.612291
1.512028	3555.612291
1.512113	3555.635922
1.512113	3555.635922
1.512199	3555.654820
1.512199	3555.654820
1.512284	3555.678441
1.512284	3555.678441
1.512369	3555.702056
1.512369	3555.702056
1.512454	3555.725666
1.512454	3555.725666
1.512540	3555.744545
1.512540	3555.744545
1.512625	3555.768145
1.512625	3555.768145
1.512710	3555.791739
1.512710	3555.791739
1.512796	3555.810605
1.512796	3555.810605
1.512881	3555.834189
1.512881	3555.834189
1.512966	3555.857768
1.512966	3555.857768
1.513051	3555.881341
1.513051	3555.881341
1.513137	3555.900188
1.513137	3555.900188
1.513222	3555.923752
1.513222	3555.923752
1.513307	3555.947310
1.513307	3555.947310
1.513392	3555.970862
1.513392	3555.970862
1.521772	3555.970862
1.521772	3555.970862
1.521857	3555.970862
1.521857	3555.970862
1.521943	3555.970862
1.521943	3555.970862
1.522028	3555.970862
1.522028	3555.970862
1.522113	3555.970862
1.522113	3555.970862
1.522199	3555.970862
1.522199	3555.970862
1.522284	3555.970862
1.522284	3555.970862
1.522369	3555.970862
1.522369	3555.970862
1.522454	3555.970862
1.522454	3555.970862
1.522540	3555.970862
1.522540	3555.970862
1.522625	3555.970862
1.522625	3555.970862
1.522710	3555.970862
1.522710	3555.970862
1.522796	3555.970862
1.522796	3555.970862
1.522881	3555.970862
1.522881	3555.970862
1.522966	3555.970862
1.522966	3555.970862
1.523051	3555.970862
1.523051	3555.970862
1.523137	3555.970862
1.523137	3555.970862
1.523222	3555.970862
1.523222	3555.970862
1.523307	3555.970862
1.523307	3555.970862
1.523392	3555.970862
1.523392	3555.970862
1.531860	3481.667660
1.531860	3481.667660
1.531946	3492.057735
1.531946	3492.057735
1.532031	3502.450031
1.532031	3502.450031
1.532116	3512.840040
1.532116	3512.840040
1.532202	3523.223198
1.532202	3523.223198
1.532287	3533.608620
1.532287	3533.608620
1.532372	3543.991755
1.532372	3543.991755
1.532457	3554.372606
1.532457	3554.372606
1.532543	3564.746558
1.532543	3564.746558
1.532628	3575.122828
1.532628	3575.122828
1.532713	3585.496814
1.532713	3585.496814
1.532799	3595.863866
1.532799	3595.863866
1.532884	3606.233277
1.532884	3606.233277
1.532969	3616.600407
1.532969	3616.600407
1.533054	3626.965257
1.533054	3626.965257
1.533140	3637.323124
1.533140	3637.323124
1.533225	3647.683404
1.533225	3647.683404
1.533310	3658.041406
1.533310	3658.041406
1.533396	3668.392389
1.533396	3668.392389
1.533481	3678.745826
1.533481	3678.745826
1.541860	3678.745826
1.541860	3678.745826
1.541946	3678.745826
1.541946	3678.745826
1.542031	3678.745826
1.542031	3678.745826
1.542116	3678.745826
1.542116	3678.745826
1.542202	3678.745826
1.542202	3678.745826
1.542287	3678.745826
1.542287	3678.745826
1.542372	3678.745826
1.542372	3678.745826
1.542457	3678.745826
1.542457	3678.745826
1.542543	3678.745826
1.542543	3678.745826
1.542628	3678.745826
1.542628	3678.745826
1.542713	3678.745826
1.542713	3678.745826
1.542799	3678.745826
1.542799	3678.745826
1.542884	3678.745826
1.542884	3678.745826
1.542969	3678.745826
1.542969	3678.745826
1.543054	3678.745826
1.543054	3678.745826
1.543140	3678.745826
1.543140	3678.745826
1.543225	3678.745826
1.543225	3678.745826
1.543310	3678.745826
1.543310	3678.745826
1.543396	3678.745826
1.543396	3678.745826
1.543481	3678.745826
1.543481	3678.745826
1.551870	3593.721192
1.551870	3593.721192
1.551955	3593.739543
1.551955	3593.739543
1.552040	3593.757891
1.552040	3593.757891
1.552125	3593.776235
1.552125	3593.776235
1.552211	3593.790038
1.552211	3593.790038
1.552296	3593.808375
1.552296	3593.808375
1.552381	3593.826707
1.552381	3593.826707
1.552467	3593.840501
1.552467	3593.840501
1.552552	3593.858826
1.552552	3593.858826
1.552637	3593.877147
1.552637	3593.877147
1.552722	3593.895464
1.552722	3593.895464
1.552808	3593.909244
1.552808	3593.909244
1.552893	3593.927554
1.552893	3593.927554
1.552978	3593.945860
1.552978	3593.945860
1.553064	3593.959630
1.553064	3593.959630
1.553149	3593.977928
1.553149	3593.977928
1.553234	3593.996223
1.553234	3593.996223
1.553319	3594.014514
1.553319	3594.014514
1.553405	3594.028271
1.553405	3594.028271
1.553490	3594.046554
1.553490	3594.046554
1.561870	3594.046554
1.561870	3594.046554
1.561955	3594.046554
1.561955	3594.046554
1.562040	3594.046554
1.562040	3594.046554
1.562125	3594.046554
1.562125	3594.046554
1.562211	3594.046554
1.562211	3594.046554
1.562296	3594.046554
1.562296	3594.046554
1.562381	3594.046554
1.562381	3594.046554
1.562467	3594.046554
1.562467	3594.046554
1.562552	3594.046554
1.562552	3594.046554
1.562637	3594.046554
1.562637	3594.046554
1.562722	3594.046554
1.562722	3594.046554
1.562808	3594.046554
1.562808	3594.046554
1.562893	3594.046554
1.562893	3594.046554
1.562978	3594.046554
1.562978	3594.046554
1.563064	3594.046554
1.563064	3594.046554
1.563149	3594.046554
1.563149	3594.046554
1.563234	3594.046554
1.563234	3594.046554
1.563319	3594.046554
1.563319	3594.046554
1.563405	3594.046554
1.563405	3594.046554
1.563490	3594.046554
1.563490	3594.046554
1.571958	3522.546733
1.571958	3522.546733
1.572043	3532.423776
1.572043	3532.423776
1.572128	3542.298751
1.572128	3542.298751
1.572214	3552.167286
1.572214	3552.167286
1.572299	3562.038117
1.572299	3562.038117
1.572384	3571.906881
1.572384	3571.906881
1.572470	3581.769173
1.572470	3581.769173
1.572555	3591.633797
1.572555	3591.633797
1.572640	3601.496358
1.572640	3601.496358
1.572725	3611.356855
1.572725	3611.356855
1.572811	3621.210835
1.572811	3621.210835
1.572896	3631.067197
1.572896	3631.067197
1.572981	3640.921498
1.572981	3640.921498
1.573067	3650.769248
1.573067	3650.769248
1.573152	3660.619417
1.573152	3660.619417
1.573237	3670.467527
1.573237	3670.467527
1.573322	3680.313578
1.573322	3680.313578
1.573408	3690.153035
1.573408	3690.153035
1.573493	3699.994960
1.573493	3699.994960
1.573578	3709.834828
1.573578	3709.834828
1.581958	3709.834828
1.581958	3709.834828
1.582043	3709.834828
1.582043	3709.834828
1.582128	3709.834828
1.582128	3709.834828
1.582214	3709.834828
1.582214	3709.834828
1.582299	3709.834828
1.582299	3709.834828
1.582384	3709.834828
1.582384	3709.834828
1.582470	3709.834828
1.582470	3709.834828
1.582555	3709.834828
1.582555	3709.834828
1.582640	3709.834828
1.582640	3709.834828
1.582725	3709.834828
1.582725	3709.834828
1.582811	3709.834828
1.582811	3709.834828
1.582896	3709.834828
1.582896	3709.834828
1.582981	3709.834828
1.582981	3709.834828
1.583067	3709.834828
1.583067	3709.834828
1.583152	3709.834828
1.583152	3709.834828
1.583237	3709.834828
1.583237	3709.834828
1.583322	3709.834828
1.583322	3709.834828
1.583408	3709.834828
1.583408	3709.834828
1.583493	3709.834828
1.583493	3709.834828
1.583578	3709.834828
1.583578	3709.834828
1.591967	3628.220831
1.591967	3628.220831
1.592052	3628.234774
1.592052	3628.234774
1.592138	3628.244354
1.592138	3628.244354
1.592223	3628.258291
1.592223	3628.258291
1.592308	3628.272226
1.592308	3628.272226
1.592393	3628.286158
1.592393	3628.286158
1.592479	3628.295729
1.592479	3628.295729
1.592564	3628.309655
1.592564	3628.309655
1.592649	3628.323579
1.592649	3628.323579
1.592735	3628.333143
1.592735	3628.333143
1.592820	3628.347062
1.592820	3628.347062
1.592905	3628.360978
1.592905	3628.360978
1.592990	3628.374890
1.592990	3628.374890
1.593076	3628.384445
1.593076	3628.384445
1.593161	3628.398353
1.593161	3628.398353
1.593246	3628.412258
1.593246	3628.412258
1.593332	3628.421805
1.593332	3628.421805
1.593417	3628.435705
1.593417	3628.435705
1.593502	3628.449602
1.593502	3628.449602
1.593587	3628.463496
1.593587	3628.463496
1.601967	3628.463496
1.601967	3628.463496
1.602052	3628.463496
1.602052	3628.463496
1.602138	3628.463496
1.602138	3628.463496
1.602223	3628.463496
1.602223	3628.463496
1.602308	3628.463496
1.602308	3628.463496
1.602393	3628.463496
1.602393	3628.463496
1.602479	3628.463496
1.602479	3628.463496
1.602564	3628.463496
1.602564	3628.463496
1.602649	3628.463496
1.602649	3628.463496
1.602735	3628.463496
1.602735	3628.463496
1.602820	3628.463496
1.602820	3628.463496
1.602905	3628.463496
1.602905	3628.463496
1.602990	3628.463496
1.602990	3628.463496
1.603076	3628.463496
1.603076	3628.463496
1.603161	3628.463496
1.603161	3628.463496
1.603246	3628.463496
1.603246	3628.463496
1.603332	3628.463496
1.603332	3628.463496
1.603417	3628.463496
1.603417	3628.463496
1.603502	3628.463496
1.603502	3628.463496
1.603587	3628.463496
1.603587	3628.463496
1.612055	3559.582421
1.612055	3559.582421
1.612141	3568.986823
1.612141	3568.986823
1.612226	3578.393525
1.612226	3578.393525
1.612311	3587.798351
1.612311	3587.798351
1.612396	3597.201301
1.612396	3597.201301
1.612482	3606.598145
1.612482	3606.598145
1.612567	3615.997335
1.612567	3615.997335
1.612652	3625.394651
1.612652	3625.394651
1.612738	3634.785831
1.612738	3634.785831
1.612823	3644.179390
1.612823	3644.179390
1.612908	3653.571077
1.612908	3653.571077
1.612993	3662.960892
1.612993	3662.960892
1.613079	3672.344531
1.613079	3672.344531
1.613164	3681.730593
1.613164	3681.730593
1.613249	3691.114786
1.613249	3691.114786
1.613335	3700.492772
1.613335	3700.492772
1.613420	3709.873216
1.613420	3709.873216
1.613505	3719.251791
1.613505	3719.251791
1.613590	3728.628498
1.613590	3728.628498
1.613676	3737.998960
1.613676	3737.998960
1.622055	3737.998960
1.622055	3737.998960
1.622141	3737.998960
1.622141	3737.998960
1.622226	3737.998960
1.622226	3737.998960
1.622311	3737.998960
1.622311	3737.998960
1.622396	3737.998960
1.622396	3737.998960
1.622482	3737.998960
1.622482	3737.998960
1.622567	3737.998960
1.622567	3737.998960
1.622652	3737.998960
1.622652	3737.998960
1.622738	3737.998960
1.622738	3737.998960
1.622823	3737.998960
1.622823	3737.998960
1.622908	3737.998960
1.622908	3737.998960
1.622993	3737.998960
1.622993	3737.998960
1.623079	3737.998960
1.623079	3737.998960
1.623164	3737.998960
1.623164	3737.998960
1.623249	3737.998960
1.623249	3737.998960
1.623335	3737.998960
1.623335	3737.998960
1.623420	3737.998960
1.623420	3737.998960
1.623505	3737.998960
1.623505	3737.998960
1.623590	3737.998960
1.623590	3737.998960
1.623676	3737.998960
1.623676	3737.998960
1.632064	3659.547923
1.632064	3659.547923
1.632150	3659.553976
1.632150	3659.553976
1.632235	3659.564223
1.632235	3659.564223
1.632320	3659.574468
1.632320	3659.574468
1.632406	3659.580516
1.632406	3659.580516
1.632491	3659.590758
1.632491	3659.590758
1.632576	3659.600998
1.632576	3659.600998
1.632661	3659.611235
1.632661	3659.611235
1.632747	3659.617277
1.632747	3659.617277
1.632832	3659.627511
1.632832	3659.627511
1.632917	3659.637743
1.632917	3659.637743
1.633003	3659.643781
1.633003	3659.643781
1.633088	3659.654010
1.633088	3659.654010
1.633173	3659.664236
1.633173	3659.664236
1.633258	3659.674460
1.633258	3659.674460
1.633344	3659.680492
1.633344	3659.680492
1.633429	3659.690713
1.633429	3659.690713
1.633514	3659.700932
1.633514	3659.700932
1.633600	3659.706960
1.633600	3659.706960
1.633685	3659.717175
1.633685	3659.717175
1.642064	3659.717175
1.642064	3659.717175
1.642150	3659.717175
1.642150	3659.717175
1.642235	3659.717175
1.642235	3659.717175
1.642320	3659.717175
1.642320	3659.717175
1.642406	3659.717175
1.642406	3659.717175
1.642491	3659.717175
1.642491	3659.717175
1.642576	3659.717175
1.642576	3659.717175
1.642661	3659.717175
1.642661	3659.717175
1.642747	3659.717175
1.642747	3659.717175
1.642832	3659.717175
1.642832	3659.717175
1.642917	3659.717175
1.642917	3659.717175
1.643003	3659.717175
1.643003	3659.717175
1.643088	3659.717175
1.643088	3659.717175
1.643173	3659.717175
1.643173	3659.717175
1.643258	3659.717175
1.643258	3659.717175
1.643344	3659.717175
1.643344	3659.717175
1.643429	3659.717175
1.643429	3659.717175
1.643514	3659.717175
1.643514	3659.717175
1.643600	3659.717175
1.643600	3659.717175
1.643685	3659.717175
1.643685	3659.717175
1.652153	3593.285008
1.652153	3593.285008
1.652238	3602.267556
1.652238	3602.267556
1.652323	3611.248393
1.652323	3611.248393
1.652409	3620.223463
1.652409	3620.223463
1.652494	3629.200869
1.652494	3629.200869
1.652579	3638.176565
1.652579	3638.176565
1.652664	3647.150552
1.652664	3647.150552
1.652750	3656.118734
1.652750	3656.118734
1.652835	3665.089294
1.652835	3665.089294
1.652920	3674.058146
1.652920	3674.058146
1.653006	3683.021167
1.653006	3683.021167
1.653091	3691.986595
1.653091	3691.986595
1.653176	3700.950317
1.653176	3700.950317
1.653261	3709.912332
1.653261	3709.912332
1.653347	3718.868480
1.653347	3718.868480
1.653432	3727.827076
1.653432	3727.827076
1.653517	3736.783967
1.653517	3736.783967
1.653603	3745.734963
1.653603	3745.734963
1.653688	3754.688437
1.653688	3754.688437
1.653773	3763.640208
1.653773	3763.640208
1.662153	3763.640208
1.662153	3763.640208
1.662238	3763.640208
1.662238	3763.640208
1.662323	3763.640208
1.662323	3763.640208
1.662409	3763.640208
1.662409	3763.640208
1.662494	3763.640208
1.662494	3763.640208
1.662579	3763.640208
1.662579	3763.640208
1.662664	3763.640208
1.662664	3763.640208
1.662750	3763.640208
1.662750	3763.640208
1.662835	3763.640208
1.662835	3763.640208
1.662920	3763.640208
1.662920	3763.640208
1.663006	3763.640208
1.663006	3763.640208
1.663091	3763.640208
1.663091	3763.640208
1.663176	3763.640208
1.663176	3763.640208
1.663261	3763.640208
1.663261	3763.640208
1.663347	3763.640208
1.663347	3763.640208
1.663432	3763.640208
1.663432	3763.640208
1.663517	3763.640208
1.663517	3763.640208
1.663603	3763.640208
1.663603	3763.640208
1.663688	3763.640208
1.663688	3763.640208
1.663773	3763.640208
1.663773	3763.640208
1.672162	3688.116804
1.672162	3688.116804
1.672247	3688.123940
1.672247	3688.123940
1.672332	3688.131075
1.672332	3688.131075
1.672418	3688.134167
1.672418	3688.134167
1.672503	3688.141299
1.672503	3688.141299
1.672588	3688.148431
1.672588	3688.148431
1.672674	3688.151520
1.672674	3688.151520
1.672759	3688.158649
1.672759	3688.158649
1.672844	3688.165776
1.672844	3688.165776
1.672929	3688.172903
1.672929	3688.172903
1.673015	3688.175988
1.673015	3688.175988
1.673100	3688.183112
1.673100	3688.183112
1.673185	3688.190235
1.673185	3688.190235
1.673271	3688.193318
1.673271	3688.193318
1.673356	3688.200439
1.673356	3688.200439
1.673441	3688.207558
1.673441	3688.207558
1.673526	3688.214676
1.673526	3688.214676
1.673612	3688.217755
1.673612	3688.217755
1.673697	3688.224871
1.673697	3688.224871
1.673782	3688.231985
1.673782	3688.231985
1.682162	3688.231985
1.682162	3688.231985
1.682247	3688.231985
1.682247	3688.231985
1.682332	3688.231985
1.682332	3688.231985
1.682418	3688.231985
1.682418	3688.231985
1.682503	3688.231985
1.682503	3688.231985
1.682588	3688.231985
1.682588	3688.231985
1.682674	3688.231985
1.682674	3688.231985
1.682759	3688.231985
1.682759	3688.231985
1.682844	3688.231985
1.682844	3688.231985
1.682929	3688.231985
1.682929	3688.231985
1.683015	3688.231985
1.683015	3688.231985
1.683100	3688.231985
1.683100	3688.231985
1.683185	3688.231985
1.683185	3688.231985
1.683271	3688.231985
1.683271	3688.231985
1.683356	3688.231985
1.683356	3688.231985
1.683441	3688.231985
1.683441	3688.231985
1.683526	3688.231985
1.683526	3688.231985
1.683612	3688.231985
1.683612	3688.231985
1.683697	3688.231985
1.683697	3688.231985
1.683782	3688.231985
1.683782	3688.231985
1.692250	3624.092250
1.692250	3624.092250
1.692336	3632.681780
1.692336	3632.681780
1.692421	3641.273631
1.692421	3641.273631
1.692506	3649.863915
1.692506	3649.863915
1.692591	3658.452634
1.692591	3658.452634
1.692677	3667.035855
1.692677	3667.035855
1.692762	3675.621434
1.692762	3675.621434
1.692847	3684.205448
1.692847	3684.205448
1.692932	3692.787899
1.692932	3692.787899
1.693018	3701.364818
1.693018	3701.364818
1.693103	3709.944133
1.693103	3709.944133
1.693188	3718.521884
1.693188	3718.521884
1.693274	3727.094080
1.693274	3727.094080
1.693359	3735.668698
1.693359	3735.668698
1.693444	3744.241754
1.693444	3744.241754
1.693529	3752.813250
1.693529	3752.813250
1.693615	3761.379155
1.693615	3761.379155
1.693700	3769.947521
1.693700	3769.947521
1.693785	3778.514326
1.693785	3778.514326
1.693871	3787.075517
1.693871	3787.075517
1.702250	3787.075517
1.702250	3787.075517
1.702336	3787.075517
1.702336	3787.075517
1.702421	3787.075517
1.702421	3787.075517
1.702506	3787.075517
1.702506	3787.075517
1.702591	3787.075517
1.702591	3787.075517
1.702677	3787.075517
1.702677	3787.075517
1.702762	3787.075517
1.702762	3787.075517
1.702847	3787.075517
1.702847	3787.075517
1.702932	3787.075517
1.702932	3787.075517
1.703018	3787.075517
1.703018	3787.075517
1.703103	3787.075517
1.703103	3787.075517
1.703188	3787.075517
1.703188	3787.075517
1.703274	3787.075517
1.703274	3787.075517
1.703359	3787.075517
1.703359	3787.075517
1.703444	3787.075517
1.703444	3787.075517
1.703529	3787.075517
1.703529	3787.075517
1.703615	3787.075517
1.703615	3787.075517
1.703700	3787.075517
1.703700	3787.075517
1.703785	3787.075517
1.703785	3787.075517
1.703871	3787.075517
1.703871	3787.075517
1.712259	3714.283614
1.712259	3714.283614
1.712345	3714.284214
1.712345	3714.284214
1.712430	3714.288714
1.712430	3714.288714
1.712515	3714.293213
1.712515	3714.293213
1.712600	3714.297712
1.712600	3714.297712
1.712686	3714.298310
1.712686	3714.298310
1.712771	3714.302807
1.712771	3714.302807
1.712856	3714.307304
1.712856	3714.307304
1.712942	3714.307901
1.712942	3714.307901
1.713027	3714.312396
1.713027	3714.312396
1.713112	3714.316890
1.713112	3714.316890
1.713197	3714.321384
1.713197	3714.321384
1.713283	3714.321980
1.713283	3714.321980
1.713368	3714.326472
1.713368	3714.326472
1.713453	3714.330963
1.713453	3714.330963
1.713539	3714.331559
1.713539	3714.331559
1.713624	3714.336049
1.713624	3714.336049
1.713709	3714.340538
1.713709	3714.340538
1.713794	3714.345026
1.713794	3714.345026
1.713880	3714.345620
1.713880	3714.345620
1.722259	3714.345620
1.722259	3714.345620
1.722345	3714.345620
1.722345	3714.345620
1.722430	3714.345620
1.722430	3714.345620
1.722515	3714.345620
1.722515	3714.345620
1.722600	3714.345620
1.722600	3714.345620
1.722686	3714.345620
1.722686	3714.345620
1.722771	3714.345620
1.722771	3714.345620
1.722856	3714.345620
1.722856	3714.345620
1.722942	3714.345620
1.722942	3714.345620
1.723027	3714.345620
1.723027	3714.345620
1.723112	3714.345620
1.723112	3714.345620
1.723197	3714.345620
1.723197	3714.345620
1.723283	3714.345620
1.723283	3714.345620
1.723368	3714.345620
1.723368	3714.345620
1.723453	3714.345620
1.723453	3714.345620
1.723539	3714.345620
1.723539	3714.345620
1.723624	3714.345620
1.723624	3714.345620
1.723709	3714.345620
1.723709	3714.345620
1.723794	3714.345620
1.723794	3714.345620
1.723880	3714.345620
1.723880	3714.345620
1.732348	3652.354918
1.732348	3652.354918
1.732433	3660.591527
1.732433	3660.591527
1.732518	3668.826695
1.732518	3668.826695
1.732604	3677.056644
1.732604	3677.056644
1.732689	3685.288926
1.732689	3685.288926
1.732774	3693.519769
1.732774	3693.519769
1.732859	3701.749174
1.732859	3701.749174
1.732945	3709.973328
1.732945	3709.973328
1.733030	3718.199850
1.733030	3718.199850
1.733115	3726.424934
1.733115	3726.424934
1.733200	3734.648582
1.733200	3734.648582
1.733286	3742.866948
1.733286	3742.866948
1.733371	3751.087715
1.733371	3751.087715
1.733456	3759.307046
1.733456	3759.307046
1.733542	3767.521073
1.733542	3767.521073
1.733627	3775.737526
1.733627	3775.737526
1.733712	3783.952544
1.733712	3783.952544
1.733797	3792.166129
1.733797	3792.166129
1.733883	3800.374378
1.733883	3800.374378
1.733968	3808.585087
1.733968	3808.585087
1.742348	3808.585087
1.742348	3808.585087
1.742433	3808.585087
1.742433	3808.585087
1.742518	3808.585087
1.742518	3808.585087
1.742604	3808.585087
1.742604	3808.585087
1.742689	3808.585087
1.742689	3808.585087
1.742774	3808.585087
1.742774	3808.585087
1.742859	3808.585087
1.742859	3808.585087
1.742945	3808.585087
1.742945	3808.585087
1.743030	3808.585087
1.743030	3808.585087
1.743115	3808.585087
1.743115	3808.585087
1.743200	3808.585087
1.743200	3808.585087
1.743286	3808.585087
1.743286	3808.585087
1.743371	3808.585087
1.743371	3808.585087
1.743456	3808.585087
1.743456	3808.585087
1.743542	3808.585087
1.743542	3808.585087
1.743627	3808.585087
1.743627	3808.585087
1.743712	3808.585087
1.743712	3808.585087
1.743797	3808.585087
1.743797	3808.585087
1.743883	3808.585087
1.743883	3808.585087
1.743968	3808.585087
1.743968	3808.585087
1.752357	3738.332072
1.752357	3738.332072
1.752442	3738.334331
1.752442	3738.334331
1.752527	3738.336589
1.752527	3738.336589
1.752613	3738.335081
1.752613	3738.335081
1.752698	3738.337339
1.752698	3738.337339
1.752783	3738.339597
1.752783	3738.339597
1.752868	3738.341854
1.752868	3738.341854
1.752954	3738.340346
1.752954	3738.340346
1.753039	3738.342603
1.753039	3738.342603
1.753124	3738.344859
1.753124	3738.344859
1.753210	3738.343351
1.753210	3738.343351
1.753295	3738.345607
1.753295	3738.345607
1.753380	3738.347863
1.753380	3738.347863
1.753465	3738.350118
1.753465	3738.350118
1.753551	3738.348610
1.753551	3738.348610
1.753636	3738.350865
1.753636	3738.350865
1.753721	3738.353119
1.753721	3738.353119
1.753807	3738.351612
1.753807	3738.351612
1.753892	3738.353865
1.753892	3738.353865
1.753977	3738.356119
1.753977	3738.356119
1.762357	3738.356119
1.762357	3738.356119
1.762442	3738.356119
1.762442	3738.356119
1.762527	3738.356119
1.762527	3738.356119
1.762613	3738.356119
1.762613	3738.356119
1.762698	3738.356119
1.762698	3738.356119
1.762783	3738.356119
1.762783	3738.356119
1.762868	3738.356119
1.762868	3738.356119
1.762954	3738.356119
1.762954	3738.356119
1.763039	3738.356119
1.763039	3738.356119
1.763124	3738.356119
1.763124	3738.356119
1.763210	3738.356119
1.763210	3738.356119
1.763295	3738.356119
1.763295	3738.356119
1.763380	3738.356119
1.763380	3738.356119
1.763465	3738.356119
1.763465	3738.356119
1.763551	3738.356119
1.763551	3738.356119
1.763636	3738.356119
1.763636	3738.356119
1.763721	3738.356119
1.763721	3738.356119
1.763807	3738.356119
1.763807	3738.356119
1.763892	3738.356119
1.763892	3738.356119
1.763977	3738.356119
1.763977	3738.356119
1.772445	3678.382529
1.772445	3678.382529
1.772530	3686.290777
1.772530	3686.290777
1.772616	3694.194048
1.772616	3694.194048
1.772701	3702.099633
1.772701	3702.099633
1.772786	3710.003890
1.772786	3710.003890
1.772872	3717.903151
1.772872	3717.903151
1.772957	3725.804748
1.772957	3725.804748
1.773042	3733.705019
1.773042	3733.705019
1.773127	3741.603965
1.773127	3741.603965
1.773213	3749.497884
1.773213	3749.497884
1.773298	3757.394172
1.773298	3757.394172
1.773383	3765.289135
1.773383	3765.289135
1.773468	3773.182774
1.773468	3773.182774
1.773554	3781.071359
1.773554	3781.071359
1.773639	3788.962343
1.773639	3788.962343
1.773724	3796.852003
1.773724	3796.852003
1.773810	3804.736588
1.773810	3804.736588
1.773895	3812.623595
1.773895	3812.623595
1.773980	3820.509280
1.773980	3820.509280
1.774065	3828.393643
1.774065	3828.393643
1.782445	3828.393643
1.782445	3828.393643
1.782530	3828.393643
1.782530	3828.393643
1.782616	3828.393643
1.782616	3828.393643
1.782701	3828.393643
1.782701	3828.393643
1.782786	3828.393643
1.782786	3828.393643
1.782872	3828.393643
1.782872	3828.393643
1.782957	3828.393643
1.782957	3828.393643
1.783042	3828.393643
1.783042	3828.393643
1.783127	3828.393643
1.783127	3828.393643
1.783213	3828.393643
1.783213	3828.393643
1.783298	3828.393643
1.783298	3828.393643
1.783383	3828.393643
1.783383	3828.393643
1.783468	3828.393643
1.783468	3828.393643
1.783554	3828.393643
1.783554	3828.393643
1.783639	3828.393643
1.783639	3828.393643
1.783724	3828.393643
1.783724	3828.393643
1.783810	3828.393643
1.783810	3828.393643
1.783895	3828.393643
1.783895	3828.393643
1.783980	3828.393643
1.783980	3828.393643
1.784065	3828.393643
1.784065	3828.393643
1.792454	3760.516207
1.792454	3760.516207
1.792540	3760.512910
1.792540	3760.512910
1.792625	3760.513255
1.792625	3760.513255
1.792710	3760.513600
1.792710	3760.513600
1.792795	3760.513945
1.792795	3760.513945
1.792881	3760.510649
1.792881	3760.510649
1.792966	3760.510995
1.792966	3760.510995
1.793051	3760.511340
1.793051	3760.511340
1.793136	3760.511685
1.793136	3760.511685
1.793222	3760.508390
1.793222	3760.508390
1.793307	3760.508736
1.793307	3760.508736
1.793392	3760.509081
1.793392	3760.509081
1.793478	3760.505787
1.793478	3760.505787
1.793563	3760.506133
1.793563	3760.506133
1.793648	3760.506478
1.793648	3760.506478
1.793733	3760.506823
1.793733	3760.506823
1.793819	3760.503531
1.793819	3760.503531
1.793904	3760.503877
1.793904	3760.503877
1.793989	3760.504222
1.793989	3760.504222
1.794075	3760.500931
1.794075	3760.500931
1.802454	3760.500931
1.802454	3760.500931
1.802540	3760.500931
1.802540	3760.500931
1.802625	3760.500931
1.802625	3760.500931
1.802710	3760.500931
1.802710	3760.500931
1.802795	3760.500931
1.802795	3760.500931
1.802881	3760.500931
1.802881	3760.500931
1.802966	3760.500931
1.802966	3760.500931
1.803051	3760.500931
1.803051	3760.500931
1.803136	3760.500931
1.803136	3760.500931
1.803222	3760.500931
1.803222	3760.500931
1.803307	3760.500931
1.803307	3760.500931
1.803392	3760.500931
1.803392	3760.500931
1.803478	3760.500931
1.803478	3760.500931
1.803563	3760.500931
1.803563	3760.500931
1.803648	3760.500931
1.803648	3760.500931
1.803733	3760.500931
1.803733	3760.500931
1.803819	3760.500931
1.803819	3760.500931
1.803904	3760.500931
1.803904	3760.500931
1.803989	3760.500931
1.803989	3760.500931
1.804075	3760.500931
1.804075	3760.500931
1.812543	3702.423559
1.812543	3702.423559
1.812628	3710.028614
1.812628	3710.028614
1.812713	3717.632441
1.812713	3717.632441
1.812798	3725.235040
1.812798	3725.235040
1.812884	3732.832867
1.812884	3732.832867
1.812969	3740.433004
1.812969	3740.433004
1.813054	3748.031915
1.813054	3748.031915
1.813140	3755.626033
1.813140	3755.626033
1.813225	3763.222483
1.813225	3763.222483
1.813310	3770.817708
1.813310	3770.817708
1.813395	3778.411707
1.813395	3778.411707
1.813481	3786.000887
1.813481	3786.000887
1.813566	3793.592428
1.813566	3793.592428
1.813651	3801.182745
1.813651	3801.182745
1.813736	3808.771837
1.813736	3808.771837
1.813822	3816.356083
1.813822	3816.356083
1.813907	3823.942720
1.813907	3823.942720
1.813992	3831.528133
1.813992	3831.528133
1.814078	3839.108681
1.814078	3839.108681
1.814163	3846.691641
1.814163	3846.691641
1.822543	3846.691641
1.822543	3846.691641
1.822628	3846.691641
1.822628	3846.691641
1.822713	3846.691641
1.822713	3846.691641
1.822798	3846.691641
1.822798	3846.691641
1.822884	3846.691641
1.822884	3846.691641
1.822969	3846.691641
1.822969	3846.691641
1.823054	3846.691641
1.823054	3846.691641
1.823140	3846.691641
1.823140	3846.691641
1.823225	3846.691641
1.823225	3846.691641
1.823310	3846.691641
1.823310	3846.691641
1.823395	3846.691641
1.823395	3846.691641
1.823481	3846.691641
1.823481	3846.691641
1.823566	3846.691641
1.823566	3846.691641
1.823651	3846.691641
1.823651	3846.691641
1.823736	3846.691641
1.823736	3846.691641
1.823822	3846.691641
1.823822	3846.691641
1.823907	3846.691641
1.823907	3846.691641
1.823992	3846.691641
1.823992	3846.691641
1.824078	3846.691641
1.824078	3846.691641
1.824163	3846.691641
1.824163	3846.691641
1.832552	3781.038122
1.832552	3781.038122
1.832637	3781.036828
1.832637	3781.036828
1.832722	3781.035534
1.832722	3781.035534
1.832808	3781.030716
1.832808	3781.030716
1.832893	3781.029422
1.832893	3781.029422
1.832978	3781.028129
1.832978	3781.028129
1.833063	3781.026836
1.833063	3781.026836
1.833149	3781.022020
1.833149	3781.022020
1.833234	3781.020728
1.833234	3781.020728
1.833319	3781.019436
1.833319	3781.019436
1.833404	3781.018144
1.833404	3781.018144
1.833490	3781.013330
1.833490	3781.013330
1.833575	3781.012039
1.833575	3781.012039
1.833660	3781.010748
1.833660	3781.010748
1.833746	3781.005936
1.833746	3781.005936
1.833831	3781.004646
1.833831	3781.004646
1.833916	3781.003356
1.833916	3781.003356
1.834001	3781.002066
1.834001	3781.002066
1.834087	3780.997256
1.834087	3780.997256
1.834172	3780.995967
1.834172	3780.995967
1.842552	3780.995967
1.842552	3780.995967
1.842637	3780.995967
1.842637	3780.995967
1.842722	3780.995967
1.842722	3780.995967
1.842808	3780.995967
1.842808	3780.995967
1.842893	3780.995967
1.842893	3780.995967
1.842978	3780.995967
1.842978	3780.995967
1.843063	3780.995967
1.843063	3780.995967
1.843149	3780.995967
1.843149	3780.995967
1.843234	3780.995967
1.843234	3780.995967
1.843319	3780.995967
1.843319	3780.995967
1.843404	3780.995967
1.843404	3780.995967
1.843490	3780.995967
1.843490	3780.995967
1.843575	3780.995967
1.843575	3780.995967
1.843660	3780.995967
1.843660	3780.995967
1.843746	3780.995967
1.843746	3780.995967
1.843831	3780.995967
1.843831	3780.995967
1.843916	3780.995967
1.843916	3780.995967
1.844001	3780.995967
1.844001	3780.995967
1.844087	3780.995967
1.844087	3780.995967
1.844172	3780.995967
1.844172	3780.995967
1.852640	3724.703470
1.852640	3724.703470
1.852725	3732.027729
1.852725	3732.027729
1.852811	3739.347426
1.852811	3739.347426
1.852896	3746.669399
1.852896	3746.669399
1.852981	3753.990234
1.852981	3753.990234
1.853066	3761.309930
1.853066	3761.309930
1.853152	3768.625040
1.853152	3768.625040
1.853237	3775.942453
1.853237	3775.942453
1.853322	3783.258729
1.853322	3783.258729
1.853408	3790.570400
1.853408	3790.570400
1.853493	3797.884394
1.853493	3797.884394
1.853578	3805.197252
1.853578	3805.197252
1.853663	3812.508972
1.853663	3812.508972
1.853749	3819.816064
1.853749	3819.816064
1.853834	3827.125505
1.853834	3827.125505
1.853919	3834.433811
1.853919	3834.433811
1.854004	3841.740981
1.854004	3841.740981
1.854090	3849.043497
1.854090	3849.043497
1.854175	3856.348390
1.854175	3856.348390
1.854260	3863.652148
1.854260	3863.652148
1.862640	3863.652148
1.862640	3863.652148
1.862725	3863.652148
1.862725	3863.652148
1.862811	3863.652148
1.862811	3863.652148
1.862896	3863.652148
1.862896	3863.652148
1.862981	3863.652148
1.862981	3863.652148
1.863066	3863.652148
1.863066	3863.652148
1.863152	3863.652148
1.863152	3863.652148
1.863237	3863.652148
1.863237	3863.652148
1.863322	3863.652148
1.863322	3863.652148
1.863408	3863.652148
1.863408	3863.652148
1.863493	3863.652148
1.863493	3863.652148
1.863578	3863.652148
1.863578	3863.652148
1.863663	3863.652148
1.863663	3863.652148
1.863749	3863.652148
1.863749	3863.652148
1.863834	3863.652148
1.863834	3863.652148
1.863919	3863.652148
1.863919	3863.652148
1.864004	3863.652148
1.864004	3863.652148
1.864090	3863.652148
1.864090	3863.652148
1.864175	3863.652148
1.864175	3863.652148
1.864260	3863.652148
1.864260	3863.652148
1.872649	3800.084303
1.872649	3800.084303
1.872734	3800.081601
1.872734	3800.081601
1.872820	3800.075484
1.872820	3800.075484
1.872905	3800.072782
1.872905	3800.072782
1.872990	3800.070081
1.872990	3800.070081
1.873076	3800.063967
1.873076	3800.063967
1.873161	3800.061267
1.873161	3800.061267
1.873246	3800.058567
1.873246	3800.058567
1.873331	3800.055868
1.873331	3800.055868
1.873417	3800.049757
1.873417	3800.049757
1.873502	3800.047059
1.873502	3800.047059
1.873587	3800.044361
1.873587	3800.044361
1.873672	3800.041664
1.873672	3800.041664
1.873758	3800.035555
1.873758	3800.035555
1.873843	3800.032859
1.873843	3800.032859
1.873928	3800.030164
1.873928	3800.030164
1.874014	3800.024057
1.874014	3800.024057
1.874099	3800.021363
1.874099	3800.021363
1.874184	3800.018668
1.874184	3800.018668
1.874269	3800.015975
1.874269	3800.015975
1.882649	3800.015975
1.882649	3800.015975
1.882734	3800.015975
1.882734	3800.015975
1.882820	3800.015975
1.882820	3800.015975
1.882905	3800.015975
1.882905	3800.015975
1.882990	3800.015975
1.882990	3800.015975
1.883076	3800.015975
1.883076	3800.015975
1.883161	3800.015975
1.883161	3800.015975
1.883246	3800.015975
1.883246	3800.015975
1.883331	3800.015975
1.883331	3800.015975
1.883417	3800.015975
1.883417	3800.015975
1.883502	3800.015975
1.883502	3800.015975
1.883587	3800.015975
1.883587	3800.015975
1.883672	3800.015975
1.883672	3800.015975
1.883758	3800.015975
1.883758	3800.015975
1.883843	3800.015975
1.883843	3800.015975
1.883928	3800.015975
1.883928	3800.015975
1.884014	3800.015975
1.884014	3800.015975
1.884099	3800.015975
1.884099	3800.015975
1.884184	3800.015975
1.884184	3800.015975
1.884269	3800.015975
1.884269	3800.015975
1.892737	3745.406039
1.892737	3745.406039
1.892823	3752.466184
1.892823	3752.466184
1.892908	3759.528576
1.892908	3759.528576
1.892993	3766.589908
1.892993	3766.589908
1.893079	3773.646851
1.893079	3773.646851
1.893164	3780.706058
1.893164	3780.706058
1.893249	3787.764207
1.893249	3787.764207
1.893334	3794.821297
1.893334	3794.821297
1.893420	3801.873974
1.893420	3801.873974
1.893505	3808.928942
1.893505	3808.928942
1.893590	3815.982851
1.893590	3815.982851
1.893676	3823.032330
1.893676	3823.032330
1.893761	3830.084118
1.893761	3830.084118
1.893846	3837.134849
1.893846	3837.134849
1.893931	3844.184523
1.893931	3844.184523
1.894017	3851.229743
1.894017	3851.229743
1.894102	3858.277298
1.894102	3858.277298
1.894187	3865.323796
1.894187	3865.323796
1.894272	3872.369238
1.894272	3872.369238
1.894358	3879.410204
1.894358	3879.410204
1.902737	3879.410204
1.902737	3879.410204
1.902823	3879.410204
1.902823	3879.410204
1.902908	3879.410204
1.902908	3879.410204
1.902993	3879.410204
1.902993	3879.410204
1.903079	3879.410204
1.903079	3879.410204
1.903164	3879.410204
1.903164	3879.410204
1.903249	3879.410204
1.903249	3879.410204
1.903334	3879.410204
1.903334	3879.410204
1.903420	3879.410204
1.903420	3879.410204
1.903505	3879.410204
1.903505	3879.410204
1.903590	3879.410204
1.903590	3879.410204
1.903676	3879.410204
1.903676	3879.410204
1.903761	3879.410204
1.903761	3879.410204
1.903846	3879.410204
1.903846	3879.410204
1.903931	3879.410204
1.903931	3879.410204
1.904017	3879.410204
1.904017	3879.410204
1.904102	3879.410204
1.904102	3879.410204
1.904187	3879.410204
1.904187	3879.410204
1.904272	3879.410204
1.904272	3879.410204
1.904358	3879.410204
1.904358	3879.410204
1.912747	3817.802172
1.912747	3817.802172
1.912832	3817.798257
1.912832	3817.798257
1.912917	3817.794343
1.912917	3817.794343
1.913002	3817.790429
1.913002	3817.790429
1.913088	3817.783205
1.913088	3817.783205
1.913173	3817.779292
1.913173	3817.779292
1.913258	3817.775381
1.913258	3817.775381
1.913344	3817.768159
1.913344	3817.768159
1.913429	3817.764249
1.913429	3817.764249
1.913514	3817.760339
1.913514	3817.760339
1.913599	3817.756430
1.913599	3817.756430
1.913685	3817.749212
1.913685	3817.749212
1.913770	3817.745305
1.913770	3817.745305
1.913855	3817.741397
1.913855	3817.741397
1.913940	3817.737491
1.913940	3817.737491
1.914026	3817.730276
1.914026	3817.730276
1.914111	3817.726371
1.914111	3817.726371
1.914196	3817.722467
1.914196	3817.722467
1.914282	3817.715255
1.914282	3817.715255
1.914367	3817.711352
1.914367	3817.711352
1.922747	3817.711352
1.922747	3817.711352
1.922832	3817.711352
1.922832	3817.711352
1.922917	3817.711352
1.922917	3817.711352
1.923002	3817.711352
1.923002	3817.711352
1.923088	3817.711352
1.923088	3817.711352
1.923173	3817.711352
1.923173	3817.711352
1.923258	3817.711352
1.923258	3817.711352
1.923344	3817.711352
1.923344	3817.711352
1.923429	3817.711352
1.923429	3817.711352
1.923514	3817.711352
1.923514	3817.711352
1.923599	3817.711352
1.923599	3817.711352
1.923685	3817.711352
1.923685	3817.711352
1.923770	3817.711352
1.923770	3817.711352
1.923855	3817.711352
1.923855	3817.711352
1.923940	3817.711352
1.923940	3817.711352
1.924026	3817.711352
1.924026	3817.711352
1.924111	3817.711352
1.924111	3817.711352
1.924196	3817.711352
1.924196	3817.711352
1.924282	3817.711352
1.924282	3817.711352
1.924367	3817.711352
1.924367	3817.711352
1.932835	3764.689833
1.932835	3764.689833
1.932920	3771.510418
1.932920	3771.510418
1.933005	3778.330016
1.933005	3778.330016
1.933091	3785.145398
1.933091	3785.145398
1.933176	3791.963013
1.933176	3791.963013
1.933261	3798.779641
1.933261	3798.779641
1.933347	3805.592037
1.933347	3805.592037
1.933432	3812.406684
1.933432	3812.406684
1.933517	3819.220344
1.933517	3819.220344
1.933602	3826.033016
1.933602	3826.033016
1.933688	3832.841437
1.933688	3832.841437
1.933773	3839.652130
1.933773	3839.652130
1.933858	3846.461838
1.933858	3846.461838
1.933944	3853.267277
1.933944	3853.267277
1.934029	3860.075007
1.934029	3860.075007
1.934114	3866.881751
1.934114	3866.881751
1.934199	3873.687510
1.934199	3873.687510
1.934285	3880.488978
1.934285	3880.488978
1.934370	3887.292761
1.934370	3887.292761
1.934455	3894.095559
1.934455	3894.095559
1.942835	3894.095559
1.942835	3894.095559
1.942920	3894.095559
1.942920	3894.095559
1.943005	3894.095559
1.943005	3894.095559
1.943091	3894.095559
1.943091	3894.095559
1.943176	3894.095559
1.943176	3894.095559
1.943261	3894.095559
1.943261	3894.095559
1.943347	3894.095559
1.943347	3894.095559
1.943432	3894.095559
1.943432	3894.095559
1.943517	3894.095559
1.943517	3894.095559
1.943602	3894.095559
1.943602	3894.095559
1.943688	3894.095559
1.943688	3894.095559
1.943773	3894.095559
1.943773	3894.095559
1.943858	3894.095559
1.943858	3894.095559
1.943944	3894.095559
1.943944	3894.095559
1.944029	3894.095559
1.944029	3894.095559
1.944114	3894.095559
1.944114	3894.095559
1.944199	3894.095559
1.944199	3894.095559
1.944285	3894.095559
1.944285	3894.095559
1.944370	3894.095559
1.944370	3894.095559
1.944455	3894.095559
1.944455	3894.095559
1.952844	3834.332067
1.952844	3834.332067
1.952929	3834.327106
1.952929	3834.327106
1.953015	3834.318931
1.953015	3834.318931
1.953100	3834.313972
1.953100	3834.313972
1.953185	3834.309013
1.953185	3834.309013
1.953270	3834.304055
1.953270	3834.304055
1.953356	3834.295885
1.953356	3834.295885
1.953441	3834.290929
1.953441	3834.290929
1.953526	3834.285973
1.953526	3834.285973
1.953612	3834.277806
1.953612	3834.277806
1.953697	3834.272851
1.953697	3834.272851
1.953782	3834.267898
1.953782	3834.267898
1.953867	3834.262946
1.953867	3834.262946
1.953953	3834.254782
1.953953	3834.254782
1.954038	3834.249831
1.954038	3834.249831
1.954123	3834.244881
1.954123	3834.244881
1.954208	3834.239931
1.954208	3834.239931
1.954294	3834.231772
1.954294	3834.231772
1.954379	3834.226824
1.954379	3834.226824
1.954464	3834.221877
1.954464	3834.221877
1.962844	3834.221877
1.962844	3834.221877
1.962929	3834.221877
1.962929	3834.221877
1.963015	3834.221877
1.963015	3834.221877
1.963100	3834.221877
1.963100	3834.221877
1.963185	3834.221877
1.963185	3834.221877
1.963270	3834.221877
1.963270	3834.221877
1.963356	3834.221877
1.963356	3834.221877
1.963441	3834.221877
1.963441	3834.221877
1.963526	3834.221877
1.963526	3834.221877
1.963612	3834.221877
1.963612	3834.221877
1.963697	3834.221877
1.963697	3834.221877
1.963782	3834.221877
1.963782	3834.221877
1.963867	3834.221877
1.963867	3834.221877
1.963953	3834.221877
1.963953	3834.221877
1.964038	3834.221877
1.964038	3834.221877
1.964123	3834.221877
1.964123	3834.221877
1.964208	3834.221877
1.964208	3834.221877
1.964294	3834.221877
1.964294	3834.221877
1.964379	3834.221877
1.964379	3834.221877
1.964464	3834.221877
1.964464	3834.221877
1.972932	3782.701751
1.972932	3782.701751
1.973018	3789.292492
1.973018	3789.292492
1.973103	3795.885428
1.973103	3795.885428
1.973188	3802.477440
1.973188	3802.477440
1.973273	3809.068528
1.973273	3809.068528
1.973359	3815.655548
1.973359	3815.655548
1.973444	3822.244784
1.973444	3822.244784
1.973529	3828.833098
1.973529	3828.833098
1.973615	3835.417328
1.973615	3835.417328
1.973700	3842.003790
1.973700	3842.003790
1.973785	3848.589330
1.973785	3848.589330
1.973870	3855.173948
1.973870	3855.173948
1.973956	3861.754462
1.973956	3861.754462
1.974041	3868.337231
1.974041	3868.337231
1.974126	3874.919078
1.974126	3874.919078
1.974212	3881.496806
1.974212	3881.496806
1.974297	3888.076805
1.974297	3888.076805
1.974382	3894.655883
1.974382	3894.655883
1.974467	3901.234039
1.974467	3901.234039
1.974553	3907.808058
1.974553	3907.808058
1.982932	3907.808058
1.982932	3907.808058
1.983018	3907.808058
1.983018	3907.808058
1.983103	3907.808058
1.983103	3907.808058
1.983188	3907.808058
1.983188	3907.808058
1.983273	3907.808058
1.983273	3907.808058
1.983359	3907.808058
1.983359	3907.808058
1.983444	3907.808058
1.983444	3907.808058
1.983529	3907.808058
1.983529	3907.808058
1.983615	3907.808058
1.983615	3907.808058
1.983700	3907.808058
1.983700	3907.808058
1.983785	3907.808058
1.983785	3907.808058
1.983870	3907.808058
1.983870	3907.808058
1.983956	3907.808058
1.983956	3907.808058
1.984041	3907.808058
1.984041	3907.808058
1.984126	3907.808058
1.984126	3907.808058
1.984212	3907.808058
1.984212	3907.808058
1.984297	3907.808058
1.984297	3907.808058
1.984382	3907.808058
1.984382	3907.808058
1.984467	3907.808058
1.984467	3907.808058
1.984553	3907.808058
1.984553	3907.808058
1.992941	3849.786811
1.992941	3849.786811
1.993027	3849.777823
1.993027	3849.777823
1.993112	3849.771959
1.993112	3849.771959
1.993197	3849.766096
1.993197	3849.766096
1.993283	3849.757112
1.993283	3849.757112
1.993368	3849.751250
1.993368	3849.751250
1.993453	3849.745390
1.993453	3849.745390
1.993538	3849.739530
1.993538	3849.739530
1.993624	3849.730550
1.993624	3849.730550
1.993709	3849.724692
1.993709	3849.724692
1.993794	3849.718835
1.993794	3849.718835
1.993880	3849.709858
1.993880	3849.709858
1.993965	3849.704003
1.993965	3849.704003
1.994050	3849.698148
1.994050	3849.698148
1.994135	3849.692295
1.994135	3849.692295
1.994221	3849.683323
1.994221	3849.683323
1.994306	3849.677471
1.994306	3849.677471
1.994391	3849.671619
1.994391	3849.671619
1.994476	3849.665769
1.994476	3849.665769
1.994562	3849.656801
1.994562	3849.656801
2.002941	3849.656801
2.002941	3849.656801
2.003027	3849.656801
2.003027	3849.656801
2.003112	3849.656801
2.003112	3849.656801
2.003197	3849.656801
2.003197	3849.656801
2.003283	3849.656801
2.003283	3849.656801
2.003368	3849.656801
2.003368	3849.656801
2.003453	3849.656801
2.003453	3849.656801
2.003538	3849.656801
2.003538	3849.656801
2.003624	3849.656801
2.003624	3849.656801
2.003709	3849.656801
2.003709	3849.656801
2.003794	3849.656801
2.003794	3849.656801
2.003880	3849.656801
2.003880	3849.656801
2.003965	3849.656801
2.003965	3849.656801
2.004050	3849.656801
2.004050	3849.656801
2.004135	3849.656801
2.004135	3849.656801
2.004221	3849.656801
2.004221	3849.656801
2.004306	3849.656801
2.004306	3849.656801
2.004391	3849.656801
2.004391	3849.656801
2.004476	3849.656801
2.004476	3849.656801
2.004562	3849.656801
2.004562	3849.656801
2.013030	3799.557872
2.013030	3799.557872
2.013115	3805.939599
2.013115	3805.939599
2.013200	3812.320460
2.013200	3812.320460
2.013286	3818.697408
2.013286	3818.697408
2.013371	3825.076534
2.013371	3825.076534
2.013456	3831.454794
2.013456	3831.454794
2.013541	3837.832189
2.013541	3837.832189
2.013627	3844.205653
2.013627	3844.205653
2.013712	3850.581314
2.013712	3850.581314
2.013797	3856.956110
2.013797	3856.956110
2.013883	3863.326961
2.013883	3863.326961
2.013968	3869.700024
2.013968	3869.700024
2.014053	3876.072223
2.014053	3876.072223
2.014138	3882.443559
2.014138	3882.443559
2.014224	3888.810930
2.014224	3888.810930
2.014309	3895.180534
2.014309	3895.180534
2.014394	3901.549274
2.014394	3901.549274
2.014480	3907.914036
2.014480	3907.914036
2.014565	3914.281046
2.014565	3914.281046
2.014650	3920.647192
2.014650	3920.647192
2.023030	3920.647192
2.023030	3920.647192
2.023115	3920.647192
2.023115	3920.647192
2.023200	3920.647192
2.023200	3920.647192
2.023286	3920.647192
2.023286	3920.647192
2.023371	3920.647192
2.023371	3920.647192
2.023456	3920.647192
2.023456	3920.647192
2.023541	3920.647192
2.023541	3920.647192
2.023627	3920.647192
2.023627	3920.647192
2.023712	3920.647192
2.023712	3920.647192
2.023797	3920.647192
2.023797	3920.647192
2.023883	3920.647192
2.023883	3920.647192
2.023968	3920.647192
2.023968	3920.647192
2.024053	3920.647192
2.024053	3920.647192
2.024138	3920.647192
2.024138	3920.647192
2.024224	3920.647192
2.024224	3920.647192
2.024309	3920.647192
2.024309	3920.647192
2.024394	3920.647192
2.024394	3920.647192
2.024480	3920.647192
2.024480	3920.647192
2.024565	3920.647192
2.024565	3920.647192
2.024650	3920.647192
2.024650	3920.647192
2.033039	3864.264960
2.033039	3864.264960
2.033124	3864.258313
2.033124	3864.258313
2.033209	3864.251666
2.033209	3864.251666
2.033295	3864.241986
2.033295	3864.241986
2.033380	3864.235342
2.033380	3864.235342
2.033465	3864.228699
2.033465	3864.228699
2.033551	3864.219022
2.033551	3864.219022
2.033636	3864.212381
2.033636	3864.212381
2.033721	3864.205741
2.033721	3864.205741
2.033806	3864.199101
2.033806	3864.199101
2.033892	3864.189429
2.033892	3864.189429
2.033977	3864.182791
2.033977	3864.182791
2.034062	3864.176155
2.034062	3864.176155
2.034148	3864.166486
2.034148	3864.166486
2.034233	3864.159851
2.034233	3864.159851
2.034318	3864.153218
2.034318	3864.153218
2.034403	3864.146585
2.034403	3864.146585
2.034489	3864.136921
2.034489	3864.136921
2.034574	3864.130290
2.034574	3864.130290
2.034659	3864.123660
2.034659	3864.123660
2.043039	3864.123660
2.043039	3864.123660
2.043124	3864.123660
2.043124	3864.123660
2.043209	3864.123660
2.043209	3864.123660
2.043295	3864.123660
2.043295	3864.123660
2.043380	3864.123660
2.043380	3864.123660
2.043465	3864.123660
2.043465	3864.123660
2.043551	3864.123660
2.043551	3864.123660
2.043636	3864.123660
2.043636	3864.123660
2.043721	3864.123660
2.043721	3864.123660
2.043806	3864.123660
2.043806	3864.123660
2.043892	3864.123660
2.043892	3864.123660
2.043977	3864.123660
2.043977	3864.123660
2.044062	3864.123660
2.044062	3864.123660
2.044148	3864.123660
2.044148	3864.123660
2.044233	3864.123660
2.044233	3864.123660
2.044318	3864.123660
2.044318	3864.123660
2.044403	3864.123660
2.044403	3864.123660
2.044489	3864.123660
2.044489	3864.123660
2.044574	3864.123660
2.044574	3864.123660
2.044659	3864.123660
2.044659	3864.123660
2.053127	3815.371576
2.053127	3815.371576
2.053212	3821.554393
2.053212	3821.554393
2.053298	3827.733438
2.053298	3827.733438
2.053383	3833.914625
2.053383	3833.914625
2.053468	3840.095000
2.053468	3840.095000
2.053554	3846.271590
2.053554	3846.271590
2.053639	3852.450336
2.053639	3852.450336
2.053724	3858.628270
2.053724	3858.628270
2.053809	3864.805392
2.053809	3864.805392
2.053895	3870.978712
2.053895	3870.978712
2.053980	3877.154206
2.053980	3877.154206
2.054065	3883.328890
2.054065	3883.328890
2.054151	3889.499757
2.054151	3889.499757
2.054236	3895.672814
2.054236	3895.672814
2.054321	3901.845060
2.054321	3901.845060
2.054406	3908.016496
2.054406	3908.016496
2.054492	3914.184097
2.054492	3914.184097
2.054577	3920.353907
2.054577	3920.353907
2.054662	3926.522907
2.054662	3926.522907
2.054748	3932.688060
2.054748	3932.688060
2.063127	3932.688060
2.063127	3932.688060
2.063212	3932.688060
2.063212	3932.688060
2.063298	3932.688060
2.063298	3932.688060
2.063383	3932.688060
2.063383	3932.688060
2.063468	3932.688060
2.063468	3932.688060
2.063554	3932.688060
2.063554	3932.688060
2.063639	3932.688060
2.063639	3932.688060
2.063724	3932.688060
2.063724	3932.688060
2.063809	3932.688060
2.063809	3932.688060
2.063895	3932.688060
2.063895	3932.688060
2.063980	3932.688060
2.063980	3932.688060
2.064065	3932.688060
2.064065	3932.688060
2.064151	3932.688060
2.064151	3932.688060
2.064236	3932.688060
2.064236	3932.688060
2.064321	3932.688060
2.064321	3932.688060
2.064406	3932.688060
2.064406	3932.688060
2.064492	3932.688060
2.064492	3932.688060
2.064577	3932.688060
2.064577	3932.688060
2.064662	3932.688060
2.064662	3932.688060
2.064748	3932.688060
2.064748	3932.688060
2.073136	3877.861851
2.073136	3877.861851
2.073222	3877.851574
2.073222	3877.851574
2.073307	3877.844251
2.073307	3877.844251
2.073392	3877.836929
2.073392	3877.836929
2.073477	3877.829608
2.073477	3877.829608
2.073563	3877.819336
2.073563	3877.819336
2.073648	3877.812017
2.073648	3877.812017
2.073733	3877.804699
2.073733	3877.804699
2.073819	3877.794430
2.073819	3877.794430
2.073904	3877.787114
2.073904	3877.787114
2.073989	3877.779799
2.073989	3877.779799
2.074074	3877.772485
2.074074	3877.772485
2.074160	3877.762221
2.074160	3877.762221
2.074245	3877.754909
2.074245	3877.754909
2.074330	3877.747598
2.074330	3877.747598
2.074416	3877.737337
2.074416	3877.737337
2.074501	3877.730028
2.074501	3877.730028
2.074586	3877.722720
2.074586	3877.722720
2.074671	3877.715413
2.074671	3877.715413
2.074757	3877.705158
2.074757	3877.705158
2.083136	3877.705158
2.083136	3877.705158
2.083222	3877.705158
2.083222	3877.705158
2.083307	3877.705158
2.083307	3877.705158
2.083392	3877.705158
2.083392	3877.705158
2.083477	3877.705158
2.083477	3877.705158
2.083563	3877.705158
2.083563	3877.705158
2.083648	3877.705158
2.083648	3877.705158
2.083733	3877.705158
2.083733	3877.705158
2.083819	3877.705158
2.083819	3877.705158
2.083904	3877.705158
2.083904	3877.705158
2.083989	3877.705158
2.083989	3877.705158
2.084074	3877.705158
2.084074	3877.705158
2.084160	3877.705158
2.084160	3877.705158
2.084245	3877.705158
2.084245	3877.705158
2.084330	3877.705158
2.084330	3877.705158
2.084416	3877.705158
2.084416	3877.705158
2.084501	3877.705158
2.084501	3877.705158
2.084586	3877.705158
2.084586	3877.705158
2.084671	3877.705158
2.084671	3877.705158
2.084757	3877.705158
2.084757	3877.705158
2.093225	3830.231206
2.093225	3830.231206
2.093310	3836.227134
2.093310	3836.227134
2.093395	3842.222297
2.093395	3842.222297
2.093480	3848.216696
2.093480	3848.216696
2.093566	3854.207441
2.093566	3854.207441
2.093651	3860.200307
2.093651	3860.200307
2.093736	3866.192410
2.093736	3866.192410
2.093822	3872.180846
2.093822	3872.180846
2.093907	3878.171417
2.093907	3878.171417
2.093992	3884.161224
2.093992	3884.161224
2.094077	3890.150269
2.094077	3890.150269
2.094163	3896.135630
2.094163	3896.135630
2.094248	3902.123144
2.094248	3902.123144
2.094333	3908.109895
2.094333	3908.109895
2.094419	3914.092950
2.094419	3914.092950
2.094504	3920.078171
2.094504	3920.078171
2.094589	3926.062631
2.094589	3926.062631
2.094674	3932.046327
2.094674	3932.046327
2.094760	3938.026312
2.094760	3938.026312
2.094845	3944.008480
2.094845	3944.008480
2.103225	3944.008480
2.103225	3944.008480
2.103310	3944.008480
2.103310	3944.008480
2.103395	3944.008480
2.103395	3944.008480
2.103480	3944.008480
2.103480	3944.008480
2.103566	3944.008480
2.103566	3944.008480
2.103651	3944.008480
2.103651	3944.008480
2.103736	3944.008480
2.103736	3944.008480
2.103822	3944.008480
2.103822	3944.008480
2.103907	3944.008480
2.103907	3944.008480
2.103992	3944.008480
2.103992	3944.008480
2.104077	3944.008480
2.104077	3944.008480
2.104163	3944.008480
2.104163	3944.008480
2.104248	3944.008480
2.104248	3944.008480
2.104333	3944.008480
2.104333	3944.008480
2.104419	3944.008480
2.104419	3944.008480
2.104504	3944.008480
2.104504	3944.008480
2.104589	3944.008480
2.104589	3944.008480
2.104674	3944.008480
2.104674	3944.008480
2.104760	3944.008480
2.104760	3944.008480
2.104845	3944.008480
2.104845	3944.008480
2.113234	3890.650102
2.113234	3890.650102
2.113319	3890.642192
2.113319	3890.642192
2.113404	3890.634282
2.113404	3890.634282
2.113490	3890.623499
2.113490	3890.623499
2.113575	3890.615592
2.113575	3890.615592
2.113660	3890.607686
2.113660	3890.607686
2.113745	3890.599781
2.113745	3890.599781
2.113831	3890.589003
2.113831	3890.589003
2.113916	3890.581100
2.113916	3890.581100
2.114001	3890.573198
2.114001	3890.573198
2.114087	3890.562423
2.114087	3890.562423
2.114172	3890.554523
2.114172	3890.554523
2.114257	3890.546624
2.114257	3890.546624
2.114342	3890.538727
2.114342	3890.538727
2.114428	3890.527957
2.114428	3890.527957
2.114513	3890.520061
2.114513	3890.520061
2.114598	3890.512167
2.114598	3890.512167
2.114684	3890.501401
2.114684	3890.501401
2.114769	3890.493508
2.114769	3890.493508
2.114854	3890.485617
2.114854	3890.485617
2.123234	3890.485617
2.123234	3890.485617
2.123319	3890.485617
2.123319	3890.485617
2.123404	3890.485617
2.123404	3890.485617
2.123490	3890.485617
2.123490	3890.485617
2.123575	3890.485617
2.123575	3890.485617
2.123660	3890.485617
2.123660	3890.485617
2.123745	3890.485617
2.123745	3890.485617
2.123831	3890.485617
2.123831	3890.485617
2.123916	3890.485617
2.123916	3890.485617
2.124001	3890.485617
2.124001	3890.485617
2.124087	3890.485617
2.124087	3890.485617
2.124172	3890.485617
2.124172	3890.485617
2.124257	3890.485617
2.124257	3890.485617
2.124342	3890.485617
2.124342	3890.485617
2.124428	3890.485617
2.124428	3890.485617
2.124513	3890.485617
2.124513	3890.485617
2.124598	3890.485617
2.124598	3890.485617
2.124684	3890.485617
2.124684	3890.485617
2.124769	3890.485617
2.124769	3890.485617
2.124854	3890.485617
2.124854	3890.485617
2.133322	3844.225899
2.133322	3844.225899
2.133407	3850.045908
2.133407	3850.045908
2.133493	3855.862389
2.133493	3855.862389
2.133578	3861.680953
2.133578	3861.680953
2.133663	3867.498797
2.133663	3867.498797
2.133748	3873.315921
2.133748	3873.315921
2.133834	3879.129502
2.133834	3879.129502
2.133919	3884.945182
2.133919	3884.945182
2.134004	3890.760143
2.134004	3890.760143
2.134090	3896.571549
2.134090	3896.571549
2.134175	3902.385067
2.134175	3902.385067
2.134260	3908.197866
2.134260	3908.197866
2.134345	3914.009947
2.134345	3914.009947
2.134431	3919.818456
2.134431	3919.818456
2.134516	3925.629094
2.134516	3925.629094
2.134601	3931.439014
2.134601	3931.439014
2.134687	3937.245351
2.134687	3937.245351
2.134772	3943.053830
2.134772	3943.053830
2.134857	3948.861591
2.134857	3948.861591
2.134942	3954.668633
2.134942	3954.668633
2.143322	3954.668633
2.143322	3954.668633
2.143407	3954.668633
2.143407	3954.668633
2.143493	3954.668633
2.143493	3954.668633
2.143578	3954.668633
2.143578	3954.668633
2.143663	3954.668633
2.143663	3954.668633
2.143748	3954.668633
2.143748	3954.668633
2.143834	3954.668633
2.143834	3954.668633
2.143919	3954.668633
2.143919	3954.668633
2.144004	3954.668633
2.144004	3954.668633
2.144090	3954.668633
2.144090	3954.668633
2.144175	3954.668633
2.144175	3954.668633
2.144260	3954.668633
2.144260	3954.668633
2.144345	3954.668633
2.144345	3954.668633
2.144431	3954.668633
2.144431	3954.668633
2.144516	3954.668633
2.144516	3954.668633
2.144601	3954.668633
2.144601	3954.668633
2.144687	3954.668633
2.144687	3954.668633
2.144772	3954.668633
2.144772	3954.668633
2.144857	3954.668633
2.144857	3954.668633
2.144942	3954.668633
2.144942	3954.668633
2.153331	3902.705100
2.153331	3902.705100
2.153416	3902.696682
2.153416	3902.696682
2.153502	3902.685464
2.153502	3902.685464
2.153587	3902.677049
2.153587	3902.677049
2.153672	3902.668634
2.153672	3902.668634
2.153758	3902.657420
2.153758	3902.657420
2.153843	3902.649007
2.153843	3902.649007
2.153928	3902.640595
2.153928	3902.640595
2.154013	3902.632185
2.154013	3902.632185
2.154099	3902.620976
2.154099	3902.620976
2.154184	3902.612568
2.154184	3902.612568
2.154269	3902.604160
2.154269	3902.604160
2.154355	3902.592955
2.154355	3902.592955
2.154440	3902.584550
2.154440	3902.584550
2.154525	3902.576146
2.154525	3902.576146
2.154610	3902.567743
2.154610	3902.567743
2.154696	3902.556543
2.154696	3902.556543
2.154781	3902.548142
2.154781	3902.548142
2.154866	3902.539742
2.154866	3902.539742
2.154952	3902.528546
2.154952	3902.528546
2.163331	3902.528546
2.163331	3902.528546
2.163416	3902.528546
2.163416	3902.528546
2.163502	3902.528546
2.163502	3902.528546
2.163587	3902.528546
2.163587	3902.528546
2.163672	3902.528546
2.163672	3902.528546
2.163758	3902.528546
2.163758	3902.528546
2.163843	3902.528546
2.163843	3902.528546
2.163928	3902.528546
2.163928	3902.528546
2.164013	3902.528546
2.164013	3902.528546
2.164099	3902.528546
2.164099	3902.528546
2.164184	3902.528546
2.164184	3902.528546
2.164269	3902.528546
2.164269	3902.528546
2.164355	3902.528546
2.164355	3902.528546
2.164440	3902.528546
2.164440	3902.528546
2.164525	3902.528546
2.164525	3902.528546
2.164610	3902.528546
2.164610	3902.528546
2.164696	3902.528546
2.164696	3902.528546
2.164781	3902.528546
2.164781	3902.528546
2.164866	3902.528546
2.164866	3902.528546
2.164952	3902.528546
2.164952	3902.528546
2.173420	3857.423837
2.173420	3857.423837
2.173505	3863.077952
2.173505	3863.077952
2.173590	3868.731386
2.173590	3868.731386
2.173675	3874.384141
2.173675	3874.384141
2.173761	3880.033471
2.173761	3880.033471
2.173846	3885.684862
2.173846	3885.684862
2.173931	3891.335574
2.173931	3891.335574
2.174016	3896.985607
2.174016	3896.985607
2.174102	3902.632201
2.174102	3902.632201
2.174187	3908.280871
2.174187	3908.280871
2.174272	3913.928862
2.174272	3913.928862
2.174358	3919.573404
2.174358	3919.573404
2.174443	3925.220034
2.174443	3925.220034
2.174528	3930.865985
2.174528	3930.865985
2.174613	3936.511258
2.174613	3936.511258
2.174699	3942.153066
2.174699	3942.153066
2.174784	3947.796978
2.174784	3947.796978
2.174869	3953.440212
2.174869	3953.440212
2.174955	3959.079971
2.174955	3959.079971
2.175040	3964.721845
2.175040	3964.721845
2.183420	3964.721845
2.183420	3964.721845
2.183505	3964.721845
2.183505	3964.721845
2.183590	3964.721845
2.183590	3964.721845
2.183675	3964.721845
2.183675	3964.721845
2.183761	3964.721845
2.183761	3964.721845
2.183846	3964.721845
2.183846	3964.721845
2.183931	3964.721845
2.183931	3964.721845
2.184016	3964.721845
2.184016	3964.721845
2.184102	3964.721845
2.184102	3964.721845
2.184187	3964.721845
2.184187	3964.721845
2.184272	3964.721845
2.184272	3964.721845
2.184358	3964.721845
2.184358	3964.721845
2.184443	3964.721845
2.184443	3964.721845
2.184528	3964.721845
2.184528	3964.721845
2.184613	3964.721845
2.184613	3964.721845
2.184699	3964.721845
2.184699	3964.721845
2.184784	3964.721845
2.184784	3964.721845
2.184869	3964.721845
2.184869	3964.721845
2.184955	3964.721845
2.184955	3964.721845
2.185040	3964.721845
2.185040	3964.721845
2.193429	3914.082944
2.193429	3914.082944
2.193514	3914.074086
2.193514	3914.074086
2.193599	3914.065230
2.193599	3914.065230
2.193684	3914.056375
2.193684	3914.056375
2.193770	3914.044791
2.193770	3914.044791
2.193855	3914.035938
2.193855	3914.035938
2.193940	3914.027086
2.193940	3914.027086
2.194026	3914.015506
2.194026	3914.015506
2.194111	3914.006656
2.194111	3914.006656
2.194196	3913.997808
2.194196	3913.997808
2.194281	3913.988960
2.194281	3913.988960
2.194367	3913.977385
2.194367	3913.977385
2.194452	3913.968540
2.194452	3913.968540
2.194537	3913.959696
2.194537	3913.959696
2.194623	3913.948124
2.194623	3913.948124
2.194708	3913.939282
2.194708	3913.939282
2.194793	3913.930442
2.194793	3913.930442
2.194878	3913.921602
2.194878	3913.921602
2.194964	3913.910035
2.194964	3913.910035
2.195049	3913.901198
2.195049	3913.901198
2.203429	3913.901198
2.203429	3913.901198
2.203514	3913.901198
2.203514	3913.901198
2.203599	3913.901198
2.203599	3913.901198
2.203684	3913.901198
2.203684	3913.901198
2.203770	3913.901198
2.203770	3913.901198
2.203855	3913.901198
2.203855	3913.901198
2.203940	3913.901198
2.203940	3913.901198
2.204026	3913.901198
2.204026	3913.901198
2.204111	3913.901198
2.204111	3913.901198
2.204196	3913.901198
2.204196	3913.901198
2.204281	3913.901198
2.204281	3913.901198
2.204367	3913.901198
2.204367	3913.901198
2.204452	3913.901198
2.204452	3913.901198
2.204537	3913.901198
2.204537	3913.901198
2.204623	3913.901198
2.204623	3913.901198
2.204708	3913.901198
2.204708	3913.901198
2.204793	3913.901198
2.204793	3913.901198
2.204878	3913.901198
2.204878	3913.901198
2.204964	3913.901198
2.204964	3913.901198
2.205049	3913.901198
2.205049	3913.901198
2.213517	3869.896259
2.213517	3869.896259
2.213602	3875.393677
2.213602	3875.393677
2.213688	3880.887783
2.213688	3880.887783
2.213773	3886.383913
2.213773	3886.383913
2.213858	3891.879400
2.213858	3891.879400
2.213943	3897.374244
2.213943	3897.374244
2.214029	3902.865761
2.214029	3902.865761
2.214114	3908.359317
2.214114	3908.359317
2.214199	3913.852231
2.214199	3913.852231
2.214284	3919.344502
2.214284	3919.344502
2.214370	3924.833433
2.214370	3924.833433
2.214455	3930.324417
2.214455	3930.324417
2.214540	3935.814759
2.214540	3935.814759
2.214626	3941.301750
2.214626	3941.301750
2.214711	3946.790806
2.214711	3946.790806
2.214796	3952.279220
2.214796	3952.279220
2.214881	3957.766993
2.214881	3957.766993
2.214967	3963.251400
2.214967	3963.251400
2.215052	3968.737887
2.215052	3968.737887
2.215137	3974.223733
2.215137	3974.223733
2.223517	3974.223733
2.223517	3974.223733
2.223602	3974.223733
2.223602	3974.223733
2.223688	3974.223733
2.223688	3974.223733
2.223773	3974.223733
2.223773	3974.223733
2.223858	3974.223733
2.223858	3974.223733
2.223943	3974.223733
2.223943	3974.223733
2.224029	3974.223733
2.224029	3974.223733
2.224114	3974.223733
2.224114	3974.223733
2.224199	3974.223733
2.224199	3974.223733
2.224284	3974.223733
2.224284	3974.223733
2.224370	3974.223733
2.224370	3974.223733
2.224455	3974.223733
2.224455	3974.223733
2.224540	3974.223733
2.224540	3974.223733
2.224626	3974.223733
2.224626	3974.223733
2.224711	3974.223733
2.224711	3974.223733
2.224796	3974.223733
2.224796	3974.223733
2.224881	3974.223733
2.224881	3974.223733
2.224967	3974.223733
2.224967	3974.223733
2.225052	3974.223733
2.225052	3974.223733
2.225137	3974.223733
2.225137	3974.223733
2.233526	3924.844217
2.233526	3924.844217
2.233611	3924.834980
2.233611	3924.834980
2.233697	3924.823081
2.233697	3924.823081
2.233782	3924.813846
2.233782	3924.813846
2.233867	3924.804613
2.233867	3924.804613
2.233952	3924.795380
2.233952	3924.795380
2.234038	3924.783486
2.234038	3924.783486
2.234123	3924.774256
2.234123	3924.774256
2.234208	3924.765026
2.234208	3924.765026
2.234294	3924.753136
2.234294	3924.753136
2.234379	3924.743909
2.234379	3924.743909
2.234464	3924.734683
2.234464	3924.734683
2.234549	3924.725458
2.234549	3924.725458
2.234635	3924.713573
2.234635	3924.713573
2.234720	3924.704351
2.234720	3924.704351
2.234805	3924.695129
2.234805	3924.695129
2.234891	3924.683248
2.234891	3924.683248
2.234976	3924.674029
2.234976	3924.674029
2.235061	3924.664810
2.235061	3924.664810
2.235146	3924.655593
2.235146	3924.655593
2.243526	3924.655593
2.243526	3924.655593
2.243611	3924.655593
2.243611	3924.655593
2.243697	3924.655593
2.243697	3924.655593
2.243782	3924.655593
2.243782	3924.655593
2.243867	3924.655593
2.243867	3924.655593
2.243952	3924.655593
2.243952	3924.655593
2.244038	3924.655593
2.244038	3924.655593
2.244123	3924.655593
2.244123	3924.655593
2.244208	3924.655593
2.244208	3924.655593
2.244294	3924.655593
2.244294	3924.655593
2.244379	3924.655593
2.244379	3924.655593
2.244464	3924.655593
2.244464	3924.655593
2.244549	3924.655593
2.244549	3924.655593
2.244635	3924.655593
2.244635	3924.655593
2.244720	3924.655593
2.244720	3924.655593
2.244805	3924.655593
2.244805	3924.655593
2.244891	3924.655593
2.244891	3924.655593
2.244976	3924.655593
2.244976	3924.655593
2.245061	3924.655593
2.245061	3924.655593
2.245146	3924.655593
2.245146	3924.655593
2.253614	3881.699020
2.253614	3881.699020
2.253700	3887.045591
2.253700	3887.045591
2.253785	3892.394153
2.253785	3892.394153
2.253870	3897.742106
2.253870	3897.742106
2.253956	3903.086838
2.253956	3903.086838
2.254041	3908.433570
2.254041	3908.433570
2.254126	3913.779695
2.254126	3913.779695
2.254211	3919.125211
2.254211	3919.125211
2.254297	3924.467492
2.254297	3924.467492
2.254382	3929.811788
2.254382	3929.811788
2.254467	3935.155477
2.254467	3935.155477
2.254552	3940.498557
2.254552	3940.498557
2.254638	3945.838390
2.254638	3945.838390
2.254723	3951.180252
2.254723	3951.180252
2.254808	3956.521506
2.254808	3956.521506
2.254894	3961.859503
2.254894	3961.859503
2.254979	3967.199539
2.254979	3967.199539
2.255064	3972.538968
2.255064	3972.538968
2.255149	3977.877790
2.255149	3977.877790
2.255235	3983.213341
2.255235	3983.213341
2.263614	3983.213341
2.263614	3983.213341
2.263700	3983.213341
2.263700	3983.213341
2.263785	3983.213341
2.263785	3983.213341
2.263870	3983.213341
2.263870	3983.213341
2.263956	3983.213341
2.263956	3983.213341
2.264041	3983.213341
2.264041	3983.213341
2.264126	3983.213341
2.264126	3983.213341
2.264211	3983.213341
2.264211	3983.213341
2.264297	3983.213341
2.264297	3983.213341
2.264382	3983.213341
2.264382	3983.213341
2.264467	3983.213341
2.264467	3983.213341
2.264552	3983.213341
2.264552	3983.213341
2.264638	3983.213341
2.264638	3983.213341
2.264723	3983.213341
2.264723	3983.213341
2.264808	3983.213341
2.264808	3983.213341
2.264894	3983.213341
2.264894	3983.213341
2.264979	3983.213341
2.264979	3983.213341
2.265064	3983.213341
2.265064	3983.213341
2.265149	3983.213341
2.265149	3983.213341
2.265235	3983.213341
2.265235	3983.213341
2.273624	3935.032743
2.273624	3935.032743
2.273709	3935.023178
2.273709	3935.023178
2.273794	3935.013615
2.273794	3935.013615
2.273879	3935.004053
2.273879	3935.004053
2.273965	3934.991892
2.273965	3934.991892
2.274050	3934.982332
2.274050	3934.982332
2.274135	3934.972773
2.274135	3934.972773
2.274220	3934.963215
2.274220	3934.963215
2.274306	3934.951060
2.274306	3934.951060
2.274391	3934.941505
2.274391	3934.941505
2.274476	3934.931950
2.274476	3934.931950
2.274562	3934.919799
2.274562	3934.919799
2.274647	3934.910246
2.274647	3934.910246
2.274732	3934.900695
2.274732	3934.900695
2.274817	3934.891145
2.274817	3934.891145
2.274903	3934.878999
2.274903	3934.878999
2.274988	3934.869451
2.274988	3934.869451
2.275073	3934.859904
2.275073	3934.859904
2.275159	3934.847762
2.275159	3934.847762
2.275244	3934.838217
2.275244	3934.838217
2.283624	3934.838217
2.283624	3934.838217
2.283709	3934.838217
2.283709	3934.838217
2.283794	3934.838217
2.283794	3934.838217
2.283879	3934.838217
2.283879	3934.838217
2.283965	3934.838217
2.283965	3934.838217
2.284050	3934.838217
2.284050	3934.838217
2.284135	3934.838217
2.284135	3934.838217
2.284220	3934.838217
2.284220	3934.838217
2.284306	3934.838217
2.284306	3934.838217
2.284391	3934.838217
2.284391	3934.838217
2.284476	3934.838217
2.284476	3934.838217
2.284562	3934.838217
2.284562	3934.838217
2.284647	3934.838217
2.284647	3934.838217
2.284732	3934.838217
2.284732	3934.838217
2.284817	3934.838217
2.284817	3934.838217
2.284903	3934.838217
2.284903	3934.838217
2.284988	3934.838217
2.284988	3934.838217
2.285073	3934.838217
2.285073	3934.838217
2.285159	3934.838217
2.285159	3934.838217
2.285244	3934.838217
2.285244	3934.838217
2.293712	3892.882106
2.293712	3892.882106
2.293797	3898.090816
2.293797	3898.090816
2.293882	3903.298950
2.293882	3903.298950
2.293968	3908.503958
2.293968	3908.503958
2.294053	3913.710934
2.294053	3913.710934
2.294138	3918.917333
2.294138	3918.917333
2.294224	3924.120598
2.294224	3924.120598
2.294309	3929.325840
2.294309	3929.325840
2.294394	3934.530505
2.294394	3934.530505
2.294479	3939.734594
2.294479	3939.734594
2.294565	3944.935535
2.294565	3944.935535
2.294650	3950.138468
2.294650	3950.138468
2.294735	3955.340824
2.294735	3955.340824
2.294820	3960.542604
2.294820	3960.542604
2.294906	3965.741225
2.294906	3965.741225
2.294991	3970.941849
2.294991	3970.941849
2.295076	3976.141898
2.295076	3976.141898
2.295162	3981.338777
2.295162	3981.338777
2.295247	3986.537671
2.295247	3986.537671
2.295332	3991.735989
2.295332	3991.735989
2.303712	3991.735989
2.303712	3991.735989
2.303797	3991.735989
2.303797	3991.735989
2.303882	3991.735989
2.303882	3991.735989
2.303968	3991.735989
2.303968	3991.735989
2.304053	3991.735989
2.304053	3991.735989
2.304138	3991.735989
2.304138	3991.735989
2.304224	3991.735989
2.304224	3991.735989
2.304309	3991.735989
2.304309	3991.735989
2.304394	3991.735989
2.304394	3991.735989
2.304479	3991.735989
2.304479	3991.735989
2.304565	3991.735989
2.304565	3991.735989
2.304650	3991.735989
2.304650	3991.735989
2.304735	3991.735989
2.304735	3991.735989
2.304820	3991.735989
2.304820	3991.735989
2.304906	3991.735989
2.304906	3991.735989
2.304991	3991.735989
2.304991	3991.735989
2.305076	3991.735989
2.305076	3991.735989
2.305162	3991.735989
2.305162	3991.735989
2.305247	3991.735989
2.305247	3991.735989
2.305332	3991.735989
2.305332	3991.735989
2.313721	3944.697922
2.313721	3944.697922
2.313806	3944.688076
2.313806	3944.688076
2.313892	3944.675692
2.313892	3944.675692
2.313977	3944.665848
2.313977	3944.665848
2.314062	3944.656005
2.314062	3944.656005
2.314147	3944.646163
2.314147	3944.646163
2.314233	3944.633784
2.314233	3944.633784
2.314318	3944.623944
2.314318	3944.623944
2.314403	3944.614106
2.314403	3944.614106
2.314488	3944.604268
2.314488	3944.604268
2.314574	3944.591895
2.314574	3944.591895
2.314659	3944.582059
2.314659	3944.582059
2.314744	3944.572225
2.314744	3944.572225
2.314830	3944.559855
2.314830	3944.559855
2.314915	3944.550024
2.314915	3944.550024
2.315000	3944.540193
2.315000	3944.540193
2.315085	3944.530363
2.315085	3944.530363
2.315171	3944.517998
2.315171	3944.517998
2.315256	3944.508171
2.315256	3944.508171
2.315341	3944.498345
2.315341	3944.498345
2.323721	3944.498345
2.323721	3944.498345
2.323806	3944.498345
2.323806	3944.498345
2.323892	3944.498345
2.323892	3944.498345
2.323977	3944.498345
2.323977	3944.498345
2.324062	3944.498345
2.324062	3944.498345
2.324147	3944.498345
2.324147	3944.498345
2.324233	3944.498345
2.324233	3944.498345
2.324318	3944.498345
2.324318	3944.498345
2.324403	3944.498345
2.324403	3944.498345
2.324488	3944.498345
2.324488	3944.498345
2.324574	3944.498345
2.324574	3944.498345
2.324659	3944.498345
2.324659	3944.498345
2.324744	3944.498345
2.324744	3944.498345
2.324830	3944.498345
2.324830	3944.498345
2.324915	3944.498345
2.324915	3944.498345
2.325000	3944.498345
2.325000	3944.498345
2.325085	3944.498345
2.325085	3944.498345
2.325171	3944.498345
2.325171	3944.498345
2.325256	3944.498345
2.325256	3944.498345
2.325341	3944.498345
2.325341	3944.498345
2.333809	3903.497820
2.333809	3903.497820
2.333895	3908.570775
2.333895	3908.570775
2.333980	3913.645663
2.333980	3913.645663
2.334065	3918.720002
2.334065	3918.720002
2.334150	3923.793793
2.334150	3923.793793
2.334236	3928.864541
2.334236	3928.864541
2.334321	3933.937234
2.334321	3933.937234
2.334406	3939.009379
2.334406	3939.009379
2.334492	3944.078471
2.334492	3944.078471
2.334577	3949.149518
2.334577	3949.149518
2.334662	3954.220017
2.334662	3954.220017
2.334747	3959.289968
2.334747	3959.289968
2.334833	3964.356856
2.334833	3964.356856
2.334918	3969.425710
2.334918	3969.425710
2.335003	3974.494017
2.335003	3974.494017
2.335088	3979.561777
2.335088	3979.561777
2.335174	3984.626460
2.335174	3984.626460
2.335259	3989.693123
2.335259	3989.693123
2.335344	3994.759240
2.335344	3994.759240
2.335430	3999.822271
2.335430	3999.822271
2.343809	3999.822271
2.343809	3999.822271
2.343895	3999.822271
2.343895	3999.822271
2.343980	3999.822271
2.343980	3999.822271
2.344065	3999.822271
2.344065	3999.822271
2.344150	3999.822271
2.344150	3999.822271
2.344236	3999.822271
2.344236	3999.822271
2.344321	3999.822271
2.344321	3999.822271
2.344406	3999.822271
2.344406	3999.822271
2.344492	3999.822271
2.344492	3999.822271
2.344577	3999.822271
2.344577	3999.822271
2.344662	3999.822271
2.344662	3999.822271
2.344747	3999.822271
2.344747	3999.822271
2.344833	3999.822271
2.344833	3999.822271
2.344918	3999.822271
2.344918	3999.822271
2.345003	3999.822271
2.345003	3999.822271
2.345088	3999.822271
2.345088	3999.822271
2.345174	3999.822271
2.345174	3999.822271
2.345259	3999.822271
2.345259	3999.822271
2.345344	3999.822271
2.345344	3999.822271
2.345430	3999.822271
2.345430	3999.822271
2.353818	3953.876791
2.353818	3953.876791
2.353904	3953.864223
2.353904	3953.864223
2.353989	3953.854136
2.353989	3953.854136
2.354074	3953.844050
2.354074	3953.844050
2.354160	3953.831485
2.354160	3953.831485
2.354245	3953.821401
2.354245	3953.821401
2.354330	3953.811319
2.354330	3953.811319
2.354415	3953.801237
2.354415	3953.801237
2.354501	3953.788677
2.354501	3953.788677
2.354586	3953.778598
2.354586	3953.778598
2.354671	3953.768520
2.354671	3953.768520
2.354756	3953.758443
2.354756	3953.758443
2.354842	3953.745888
2.354842	3953.745888
2.354927	3953.735814
2.354927	3953.735814
2.355012	3953.725740
2.355012	3953.725740
2.355098	3953.713189
2.355098	3953.713189
2.355183	3953.703117
2.355183	3953.703117
2.355268	3953.693047
2.355268	3953.693047
2.355353	3953.682978
2.355353	3953.682978
2.355439	3953.670432
2.355439	3953.670432
2.363818	3953.670432
2.363818	3953.670432
2.363904	3953.670432
2.363904	3953.670432
2.363989	3953.670432
2.363989	3953.670432
2.364074	3953.670432
2.364074	3953.670432
2.364160	3953.670432
2.364160	3953.670432
2.364245	3953.670432
2.364245	3953.670432
2.364330	3953.670432
2.364330	3953.670432
2.364415	3953.670432
2.364415	3953.670432
2.364501	3953.670432
2.364501	3953.670432
2.364586	3953.670432
2.364586	3953.670432
2.364671	3953.670432
2.364671	3953.670432
2.364756	3953.670432
2.364756	3953.670432
2.364842	3953.670432
2.364842	3953.670432
2.364927	3953.670432
2.364927	3953.670432
2.365012	3953.670432
2.365012	3953.670432
2.365098	3953.670432
2.365098	3953.670432
2.365183	3953.670432
2.365183	3953.670432
2.365268	3953.670432
2.365268	3953.670432
2.365353	3953.670432
2.365353	3953.670432
2.365439	3953.670432
2.365439	3953.670432
2.373907	3913.583620
2.373907	3913.583620
2.373992	3918.532434
2.373992	3918.532434
2.374077	3923.480726
2.374077	3923.480726
2.374163	3928.426064
2.374163	3928.426064
2.374248	3933.373311
2.374248	3933.373311
2.374333	3938.320037
2.374333	3938.320037
2.374418	3943.266242
2.374418	3943.266242
2.374504	3948.209481
2.374504	3948.209481
2.374589	3953.154642
2.374589	3953.154642
2.374674	3958.099282
2.374674	3958.099282
2.374760	3963.040947
2.374760	3963.040947
2.374845	3967.984543
2.374845	3967.984543
2.374930	3972.927619
2.374930	3972.927619
2.375015	3977.870175
2.375015	3977.870175
2.375101	3982.809744
2.375101	3982.809744
2.375186	3987.751256
2.375186	3987.751256
2.375271	3992.692248
2.375271	3992.692248
2.375356	3997.632720
2.375356	3997.632720
2.375442	4002.570194
2.375442	4002.570194
2.375527	4007.509624
2.375527	4007.509624
2.383907	4007.509624
2.383907	4007.509624
2.383992	4007.509624
2.383992	4007.509624
2.384077	4007.509624
2.384077	4007.509624
2.384163	4007.509624
2.384163	4007.509624
2.384248	4007.509624
2.384248	4007.509624
2.384333	4007.509624
2.384333	4007.509624
2.384418	4007.509624
2.384418	4007.509624
2.384504	4007.509624
2.384504	4007.509624
2.384589	4007.509624
2.384589	4007.509624
2.384674	4007.509624
2.384674	4007.509624
2.384760	4007.509624
2.384760	4007.509624
2.384845	4007.509624
2.384845	4007.509624
2.384930	4007.509624
2.384930	4007.509624
2.385015	4007.509624
2.385015	4007.509624
2.385101	4007.509624
2.385101	4007.509624
2.385186	4007.509624
2.385186	4007.509624
2.385271	4007.509624
2.385271	4007.509624
2.385356	4007.509624
2.385356	4007.509624
2.385442	4007.509624
2.385442	4007.509624
2.385527	4007.509624
2.385527	4007.509624
2.393916	3962.602729
2.393916	3962.602729
2.394001	3962.592434
2.394001	3962.592434
2.394086	3962.582141
2.394086	3962.582141
2.394172	3962.569424
2.394172	3962.569424
2.394257	3962.559132
2.394257	3962.559132
2.394342	3962.548842
2.394342	3962.548842
2.394428	3962.536129
2.394428	3962.536129
2.394513	3962.525841
2.394513	3962.525841
2.394598	3962.515554
2.394598	3962.515554
2.394683	3962.505269
2.394683	3962.505269
2.394769	3962.492560
2.394769	3962.492560
2.394854	3962.482277
2.394854	3962.482277
2.394939	3962.471994
2.394939	3962.471994
2.395024	3962.461713
2.395024	3962.461713
2.395110	3962.449010
2.395110	3962.449010
2.395195	3962.438731
2.395195	3962.438731
2.395280	3962.428453
2.395280	3962.428453
2.395366	3962.415753
2.395366	3962.415753
2.395451	3962.405477
2.395451	3962.405477
2.395536	3962.395203
2.395536	3962.395203
2.403916	3962.395203
2.403916	3962.395203
2.404001	3962.395203
2.404001	3962.395203
2.404086	3962.395203
2.404086	3962.395203
2.404172	3962.395203
2.404172	3962.395203
2.404257	3962.395203
2.404257	3962.395203
2.404342	3962.395203
2.404342	3962.395203
2.404428	3962.395203
2.404428	3962.395203
2.404513	3962.395203
2.404513	3962.395203
2.404598	3962.395203
2.404598	3962.395203
2.404683	3962.395203
2.404683	3962.395203
2.404769	3962.395203
2.404769	3962.395203
2.404854	3962.395203
2.404854	3962.395203
2.404939	3962.395203
2.404939	3962.395203
2.405024	3962.395203
2.405024	3962.395203
2.405110	3962.395203
2.405110	3962.395203
2.405195	3962.395203
2.405195	3962.395203
2.405280	3962.395203
2.405280	3962.395203
2.405366	3962.395203
2.405366	3962.395203
2.405451	3962.395203
2.405451	3962.395203
2.405536	3962.395203
2.405536	3962.395203
2.414004	3923.182773
2.414004	3923.182773
2.414089	3928.011129
2.414089	3928.011129
2.414175	3932.836610
2.414175	3932.836610
2.414260	3937.663971
2.414260	3937.663971
2.414345	3942.490835
2.414345	3942.490835
2.414431	3947.314817
2.414431	3947.314817
2.414516	3952.140686
2.414516	3952.140686
2.414601	3956.966060
2.414601	3956.966060
2.414686	3961.790938
2.414686	3961.790938
2.414772	3966.612923
2.414772	3966.612923
2.414857	3971.436807
2.414857	3971.436807
2.414942	3976.260195
2.414942	3976.260195
2.415028	3981.080683
2.415028	3981.080683
2.415113	3985.903077
2.415113	3985.903077
2.415198	3990.724977
2.415198	3990.724977
2.415283	3995.546381
2.415283	3995.546381
2.415369	4000.364873
2.415369	4000.364873
2.415454	4005.185285
2.415454	4005.185285
2.415539	4010.005201
2.415539	4010.005201
2.415624	4014.824622
2.415624	4014.824622
2.424004	4014.824622
2.424004	4014.824622
2.424089	4014.824622
2.424089	4014.824622
2.424175	4014.824622
2.424175	4014.824622
2.424260	4014.824622
2.424260	4014.824622
2.424345	4014.824622
2.424345	4014.824622
2.424431	4014.824622
2.424431	4014.824622
2.424516	4014.824622
2.424516	4014.824622
2.424601	4014.824622
2.424601	4014.824622
2.424686	4014.824622
2.424686	4014.824622
2.424772	4014.824622
2.424772	4014.824622
2.424857	4014.824622
2.424857	4014.824622
2.424942	4014.824622
2.424942	4014.824622
2.425028	4014.824622
2.425028	4014.824622
2.425113	4014.824622
2.425113	4014.824622
2.425198	4014.824622
2.425198	4014.824622
2.425283	4014.824622
2.425283	4014.824622
2.425369	4014.824622
2.425369	4014.824622
2.425454	4014.824622
2.425454	4014.824622
2.425539	4014.824622
2.425539	4014.824622
2.425624	4014.824622
2.425624	4014.824622
2.434013	3970.913010
2.434013	3970.913010
2.434099	3970.900168
2.434099	3970.900168
2.434184	3970.889699
2.434184	3970.889699
2.434269	3970.879231
2.434269	3970.879231
2.434354	3970.868765
2.434354	3970.868765
2.434440	3970.855928
2.434440	3970.855928
2.434525	3970.845464
2.434525	3970.845464
2.434610	3970.835000
2.434610	3970.835000
2.434696	3970.822167
2.434696	3970.822167
2.434781	3970.811706
2.434781	3970.811706
2.434866	3970.801246
2.434866	3970.801246
2.434951	3970.790787
2.434951	3970.790787
2.435037	3970.777959
2.435037	3970.777959
2.435122	3970.767502
2.435122	3970.767502
2.435207	3970.757047
2.435207	3970.757047
2.435292	3970.746592
2.435292	3970.746592
2.435378	3970.733769
2.435378	3970.733769
2.435463	3970.723316
2.435463	3970.723316
2.435548	3970.712865
2.435548	3970.712865
2.435634	3970.700045
2.435634	3970.700045
2.444013	3970.700045
2.444013	3970.700045
2.444099	3970.700045
2.444099	3970.700045
2.444184	3970.700045
2.444184	3970.700045
2.444269	3970.700045
2.444269	3970.700045
2.444354	3970.700045
2.444354	3970.700045
2.444440	3970.700045
2.444440	3970.700045
2.444525	3970.700045
2.444525	3970.700045
2.444610	3970.700045
2.444610	3970.700045
2.444696	3970.700045
2.444696	3970.700045
2.444781	3970.700045
2.444781	3970.700045
2.444866	3970.700045
2.444866	3970.700045
2.444951	3970.700045
2.444951	3970.700045
2.445037	3970.700045
2.445037	3970.700045
2.445122	3970.700045
2.445122	3970.700045
2.445207	3970.700045
2.445207	3970.700045
2.445292	3970.700045
2.445292	3970.700045
2.445378	3970.700045
2.445378	3970.700045
2.445463	3970.700045
2.445463	3970.700045
2.445548	3970.700045
2.445548	3970.700045
2.445634	3970.700045
2.445634	3970.700045
2.454102	3932.325208
2.454102	3932.325208
2.454187	3937.038827
2.454187	3937.038827
2.454272	3941.751974
2.454272	3941.751974
2.454357	3946.464647
2.454357	3946.464647
2.454443	3951.174516
2.454443	3951.174516
2.454528	3955.886241
2.454528	3955.886241
2.454613	3960.597493
2.454613	3960.597493
2.454699	3965.305933
2.454699	3965.305933
2.454784	3970.016238
2.454784	3970.016238
2.454869	3974.726070
2.454869	3974.726070
2.454954	3979.435430
2.454954	3979.435430
2.455040	3984.141967
2.455040	3984.141967
2.455125	3988.850380
2.455125	3988.850380
2.455210	3993.558320
2.455210	3993.558320
2.455296	3998.263430
2.455296	3998.263430
2.455381	4002.970424
2.455381	4002.970424
2.455466	4007.676945
2.455466	4007.676945
2.455551	4012.382995
2.455551	4012.382995
2.455637	4017.086204
2.455637	4017.086204
2.455722	4021.791308
2.455722	4021.791308
2.464102	4021.791308
2.464102	4021.791308
2.464187	4021.791308
2.464187	4021.791308
2.464272	4021.791308
2.464272	4021.791308
2.464357	4021.791308
2.464357	4021.791308
2.464443	4021.791308
2.464443	4021.791308
2.464528	4021.791308
2.464528	4021.791308
2.464613	4021.791308
2.464613	4021.791308
2.464699	4021.791308
2.464699	4021.791308
2.464784	4021.791308
2.464784	4021.791308
2.464869	4021.791308
2.464869	4021.791308
2.464954	4021.791308
2.464954	4021.791308
2.465040	4021.791308
2.465040	4021.791308
2.465125	4021.791308
2.465125	4021.791308
2.465210	4021.791308
2.465210	4021.791308
2.465296	4021.791308
2.465296	4021.791308
2.465381	4021.791308
2.465381	4021.791308
2.465466	4021.791308
2.465466	4021.791308
2.465551	4021.791308
2.465551	4021.791308
2.465637	4021.791308
2.465637	4021.791308
2.465722	4021.791308
2.465722	4021.791308
2.474111	3978.832176
2.474111	3978.832176
2.474196	3978.821558
2.474196	3978.821558
2.474281	3978.810942
2.474281	3978.810942
2.474367	3978.798005
2.474367	3978.798005
2.474452	3978.787391
2.474452	3978.787391
2.474537	3978.776778
2.474537	3978.776778
2.474622	3978.766165
2.474622	3978.766165
2.474708	3978.753234
2.474708	3978.753234
2.474793	3978.742624
2.474793	3978.742624
2.474878	3978.732015
2.474878	3978.732015
2.474964	3978.719087
2.474964	3978.719087
2.475049	3978.708480
2.475049	3978.708480
2.475134	3978.697874
2.475134	3978.697874
2.475219	3978.687270
2.475219	3978.687270
2.475305	3978.674347
2.475305	3978.674347
2.475390	3978.663744
2.475390	3978.663744
2.475475	3978.653143
2.475475	3978.653143
2.475560	3978.642542
2.475560	3978.642542
2.475646	3978.629624
2.475646	3978.629624
2.475731	3978.619026
2.475731	3978.619026
2.484111	3978.619026
2.484111	3978.619026
2.484196	3978.619026
2.484196	3978.619026
2.484281	3978.619026
2.484281	3978.619026
2.484367	3978.619026
2.484367	3978.619026
2.484452	3978.619026
2.484452	3978.619026
2.484537	3978.619026
2.484537	3978.619026
2.484622	3978.619026
2.484622	3978.619026
2.484708	3978.619026
2.484708	3978.619026
2.484793	3978.619026
2.484793	3978.619026
2.484878	3978.619026
2.484878	3978.619026
2.484964	3978.619026
2.484964	3978.619026
2.485049	3978.619026
2.485049	3978.619026
2.485134	3978.619026
2.485134	3978.619026
2.485219	3978.619026
2.485219	3978.619026
2.485305	3978.619026
2.485305	3978.619026
2.485390	3978.619026
2.485390	3978.619026
2.485475	3978.619026
2.485475	3978.619026
2.485560	3978.619026
2.485560	3978.619026
2.485646	3978.619026
2.485646	3978.619026
2.485731	3978.619026
2.485731	3978.619026
2.494199	3941.047135
2.494199	3941.047135
2.494284	3945.651347
2.494284	3945.651347
2.494370	3950.252830
2.494370	3950.252830
2.494455	3954.856136
2.494455	3954.856136
2.494540	3959.458992
2.494540	3959.458992
2.494625	3964.061397
2.494625	3964.061397
2.494711	3968.661062
2.494711	3968.661062
2.494796	3973.262562
2.494796	3973.262562
2.494881	3977.863611
2.494881	3977.863611
2.494967	3982.461914
2.494967	3982.461914
2.495052	3987.062059
2.495052	3987.062059
2.495137	3991.661754
2.495137	3991.661754
2.495222	3996.260997
2.495222	3996.260997
2.495308	4000.857485
2.495308	4000.857485
2.495393	4005.455825
2.495393	4005.455825
2.495478	4010.053714
2.495478	4010.053714
2.495564	4014.648840
2.495564	4014.648840
2.495649	4019.245827
2.495649	4019.245827
2.495734	4023.842363
2.495734	4023.842363
2.495819	4028.438449
2.495819	4028.438449
2.504199	4028.438449
2.504199	4028.438449
2.504284	4028.438449
2.504284	4028.438449
2.504370	4028.438449
2.504370	4028.438449
2.504455	4028.438449
2.504455	4028.438449
2.504540	4028.438449
2.504540	4028.438449
2.504625	4028.438449
2.504625	4028.438449
2.504711	4028.438449
2.504711	4028.438449
2.504796	4028.438449
2.504796	4028.438449
2.504881	4028.438449
2.504881	4028.438449
2.504967	4028.438449
2.504967	4028.438449
2.505052	4028.438449
2.505052	4028.438449
2.505137	4028.438449
2.505137	4028.438449
2.505222	4028.438449
2.505222	4028.438449
2.505308	4028.438449
2.505308	4028.438449
2.505393	4028.438449
2.505393	4028.438449
2.505478	4028.438449
2.505478	4028.438449
2.505564	4028.438449
2.505564	4028.438449
2.505649	4028.438449
2.505649	4028.438449
2.505734	4028.438449
2.505734	4028.438449
2.505819	4028.438449
2.505819	4028.438449
2.514208	3986.391580
2.514208	3986.391580
2.514293	3986.380838
2.514293	3986.380838
2.514379	3986.367826
2.514379	3986.367826
2.514464	3986.357087
2.514464	3986.357087
2.514549	3986.346349
2.514549	3986.346349
2.514635	3986.333340
2.514635	3986.333340
2.514720	3986.322604
2.514720	3986.322604
2.514805	3986.311869
2.514805	3986.311869
2.514890	3986.301136
2.514890	3986.301136
2.514976	3986.288132
2.514976	3986.288132
2.515061	3986.277400
2.515061	3986.277400
2.515146	3986.266670
2.515146	3986.266670
2.515232	3986.253669
2.515232	3986.253669
2.515317	3986.242941
2.515317	3986.242941
2.515402	3986.232213
2.515402	3986.232213
2.515487	3986.221487
2.515487	3986.221487
2.515573	3986.208491
2.515573	3986.208491
2.515658	3986.197767
2.515658	3986.197767
2.515743	3986.187044
2.515743	3986.187044
2.515828	3986.176323
2.515828	3986.176323
2.524208	3986.176323
2.524208	3986.176323
2.524293	3986.176323
2.524293	3986.176323
2.524379	3986.176323
2.524379	3986.176323
2.524464	3986.176323
2.524464	3986.176323
2.524549	3986.176323
2.524549	3986.176323
2.524635	3986.176323
2.524635	3986.176323
2.524720	3986.176323
2.524720	3986.176323
2.524805	3986.176323
2.524805	3986.176323
2.524890	3986.176323
2.524890	3986.176323
2.524976	3986.176323
2.524976	3986.176323
2.525061	3986.176323
2.525061	3986.176323
2.525146	3986.176323
2.525146	3986.176323
2.525232	3986.176323
2.525232	3986.176323
2.525317	3986.176323
2.525317	3986.176323
2.525402	3986.176323
2.525402	3986.176323
2.525487	3986.176323
2.525487	3986.176323
2.525573	3986.176323
2.525573	3986.176323
2.525658	3986.176323
2.525658	3986.176323
2.525743	3986.176323
2.525743	3986.176323
2.525828	3986.176323
2.525828	3986.176323
2.534296	3949.374851
2.534296	3949.374851
2.534382	3953.872390
2.534382	3953.872390
2.534467	3958.371725
2.534467	3958.371725
2.534552	3962.870629
2.534552	3962.870629
2.534638	3967.366866
2.534638	3967.366866
2.534723	3971.864905
2.534723	3971.864905
2.534808	3976.362514
2.534808	3976.362514
2.534893	3980.859691
2.534893	3980.859691
2.534979	3985.354193
2.534979	3985.354193
2.535064	3989.850507
2.535064	3989.850507
2.535149	3994.346390
2.535149	3994.346390
2.535235	3998.839590
2.535235	3998.839590
2.535320	4003.334610
2.535320	4003.334610
2.535405	4007.829200
2.535405	4007.829200
2.535490	4012.323359
2.535490	4012.323359
2.535576	4016.814825
2.535576	4016.814825
2.535661	4021.308121
2.535661	4021.308121
2.535746	4025.800987
2.535746	4025.800987
2.535832	4030.291154
2.535832	4030.291154
2.535917	4034.783157
2.535917	4034.783157
2.544296	4034.783157
2.544296	4034.783157
2.544382	4034.783157
2.544382	4034.783157
2.544467	4034.783157
2.544467	4034.783157
2.544552	4034.783157
2.544552	4034.783157
2.544638	4034.783157
2.544638	4034.783157
2.544723	4034.783157
2.544723	4034.783157
2.544808	4034.783157
2.544808	4034.783157
2.544893	4034.783157
2.544893	4034.783157
2.544979	4034.783157
2.544979	4034.783157
2.545064	4034.783157
2.545064	4034.783157
2.545149	4034.783157
2.545149	4034.783157
2.545235	4034.783157
2.545235	4034.783157
2.545320	4034.783157
2.545320	4034.783157
2.545405	4034.783157
2.545405	4034.783157
2.545490	4034.783157
2.545490	4034.783157
2.545576	4034.783157
2.545576	4034.783157
2.545661	4034.783157
2.545661	4034.783157
2.545746	4034.783157
2.545746	4034.783157
2.545832	4034.783157
2.545832	4034.783157
2.545917	4034.783157
2.545917	4034.783157
2.554306	3993.610900
2.554306	3993.610900
2.554391	3993.600057
2.554391	3993.600057
2.554476	3993.589215
2.554476	3993.589215
2.554561	3993.578374
2.554561	3993.578374
2.554647	3993.565308
2.554647	3993.565308
2.554732	3993.554469
2.554732	3993.554469
2.554817	3993.543631
2.554817	3993.543631
2.554903	3993.530570
2.554903	3993.530570
2.554988	3993.519734
2.554988	3993.519734
2.555073	3993.508899
2.555073	3993.508899
2.555158	3993.498065
2.555158	3993.498065
2.555244	3993.485008
2.555244	3993.485008
2.555329	3993.474177
2.555329	3993.474177
2.555414	3993.463346
2.555414	3993.463346
2.555500	3993.450292
2.555500	3993.450292
2.555585	3993.439464
2.555585	3993.439464
2.555670	3993.428637
2.555670	3993.428637
2.555755	3993.417810
2.555755	3993.417810
2.555841	3993.404761
2.555841	3993.404761
2.555926	3993.393937
2.555926	3993.393937
2.564306	3993.393937
2.564306	3993.393937
2.564391	3993.393937
2.564391	3993.393937
2.564476	3993.393937
2.564476	3993.393937
2.564561	3993.393937
2.564561	3993.393937
2.564647	3993.393937
2.564647	3993.393937
2.564732	3993.393937
2.564732	3993.393937
2.564817	3993.393937
2.564817	3993.393937
2.564903	3993.393937
2.564903	3993.393937
2.564988	3993.393937
2.564988	3993.393937
2.565073	3993.393937
2.565073	3993.393937
2.565158	3993.393937
2.565158	3993.393937
2.565244	3993.393937
2.565244	3993.393937
2.565329	3993.393937
2.565329	3993.393937
2.565414	3993.393937
2.565414	3993.393937
2.565500	3993.393937
2.565500	3993.393937
2.565585	3993.393937
2.565585	3993.393937
2.565670	3993.393937
2.565670	3993.393937
2.565755	3993.393937
2.565755	3993.393937
2.565841	3993.393937
2.565841	3993.393937
2.565926	3993.393937
2.565926	3993.393937
2.574394	3957.332310
2.574394	3957.332310
2.574479	3961.732266
2.574479	3961.732266
2.574564	3966.131809
2.574564	3966.131809
2.574650	3970.528752
2.574650	3970.528752
2.574735	3974.927469
2.574735	3974.927469
2.574820	3979.325773
2.574820	3979.325773
2.574906	3983.721471
2.574906	3983.721471
2.574991	3988.118949
2.574991	3988.118949
2.575076	3992.516016
2.575076	3992.516016
2.575161	3996.912671
2.575161	3996.912671
2.575247	4001.306709
2.575247	4001.306709
2.575332	4005.702538
2.575332	4005.702538
2.575417	4010.097955
2.575417	4010.097955
2.575503	4014.490750
2.575503	4014.490750
2.575588	4018.885342
2.575588	4018.885342
2.575673	4023.279522
2.575673	4023.279522
2.575758	4027.673291
2.575758	4027.673291
2.575844	4032.064428
2.575844	4032.064428
2.575929	4036.457373
2.575929	4036.457373
2.576014	4040.849905
2.576014	4040.849905
2.584394	4040.849905
2.584394	4040.849905
2.584479	4040.849905
2.584479	4040.849905
2.584564	4040.849905
2.584564	4040.849905
2.584650	4040.849905
2.584650	4040.849905
2.584735	4040.849905
2.584735	4040.849905
2.584820	4040.849905
2.584820	4040.849905
2.584906	4040.849905
2.584906	4040.849905
2.584991	4040.849905
2.584991	4040.849905
2.585076	4040.849905
2.585076	4040.849905
2.585161	4040.849905
2.585161	4040.849905
2.585247	4040.849905
2.585247	4040.849905
2.585332	4040.849905
2.585332	4040.849905
2.585417	4040.849905
2.585417	4040.849905
2.585503	4040.849905
2.585503	4040.849905
2.585588	4040.849905
2.585588	4040.849905
2.585673	4040.849905
2.585673	4040.849905
2.585758	4040.849905
2.585758	4040.849905
2.585844	4040.849905
2.585844	4040.849905
2.585929	4040.849905
2.585929	4040.849905
2.586014	4040.849905
2.586014	4040.849905
2.594403	4000.516789
2.594403	4000.516789
2.594488	4000.505863
2.594488	4000.505863
2.594574	4000.492757
2.594574	4000.492757
2.594659	4000.481833
2.594659	4000.481833
2.594744	4000.470910
2.594744	4000.470910
2.594829	4000.459988
2.594829	4000.459988
2.594915	4000.446887
2.594915	4000.446887
2.595000	4000.435967
2.595000	4000.435967
2.595085	4000.425048
2.595085	4000.425048
2.595171	4000.411951
2.595171	4000.411951
2.595256	4000.401034
2.595256	4000.401034
2.595341	4000.390118
2.595341	4000.390118
2.595426	4000.379204
2.595426	4000.379204
2.595512	4000.366110
2.595512	4000.366110
2.595597	4000.355198
2.595597	4000.355198
2.595682	4000.344286
2.595682	4000.344286
2.595768	4000.331197
2.595768	4000.331197
2.595853	4000.320287
2.595853	4000.320287
2.595938	4000.309379
2.595938	4000.309379
2.596023	4000.298471
2.596023	4000.298471
2.604403	4000.298471
2.604403	4000.298471
2.604488	4000.298471
2.604488	4000.298471
2.604574	4000.298471
2.604574	4000.298471
2.604659	4000.298471
2.604659	4000.298471
2.604744	4000.298471
2.604744	4000.298471
2.604829	4000.298471
2.604829	4000.298471
2.604915	4000.298471
2.604915	4000.298471
2.605000	4000.298471
2.605000	4000.298471
2.605085	4000.298471
2.605085	4000.298471
2.605171	4000.298471
2.605171	4000.298471
2.605256	4000.298471
2.605256	4000.298471
2.605341	4000.298471
2.605341	4000.298471
2.605426	4000.298471
2.605426	4000.298471
2.605512	4000.298471
2.605512	4000.298471
2.605597	4000.298471
2.605597	4000.298471
2.605682	4000.298471
2.605682	4000.298471
2.605768	4000.298471
2.605768	4000.298471
2.605853	4000.298471
2.605853	4000.298471
2.605938	4000.298471
2.605938	4000.298471
2.606023	4000.298471
2.606023	4000.298471
2.614491	3964.947794
2.614491	3964.947794
2.614577	3969.250131
2.614577	3969.250131
2.614662	3973.554211
2.614662	3973.554211
2.614747	3977.857897
2.614747	3977.857897
2.614832	3982.161188
2.614832	3982.161188
2.614918	3986.461935
2.614918	3986.461935
2.615003	3990.764435
2.615003	3990.764435
2.615088	3995.066541
2.615088	3995.066541
2.615174	3999.366097
2.615174	3999.366097
2.615259	4003.667412
2.615259	4003.667412
2.615344	4007.968334
2.615344	4007.968334
2.615429	4012.268861
2.615429	4012.268861
2.615515	4016.566829
2.615515	4016.566829
2.615600	4020.866566
2.615600	4020.866566
2.615685	4025.165909
2.615685	4025.165909
2.615771	4029.462687
2.615771	4029.462687
2.615856	4033.761240
2.615856	4033.761240
2.615941	4038.059400
2.615941	4038.059400
2.616026	4042.357165
2.616026	4042.357165
2.616112	4046.652357
2.616112	4046.652357
2.624491	4046.652357
2.624491	4046.652357
2.624577	4046.652357
2.624577	4046.652357
2.624662	4046.652357
2.624662	4046.652357
2.624747	4046.652357
2.624747	4046.652357
2.624832	4046.652357
2.624832	4046.652357
2.624918	4046.652357
2.624918	4046.652357
2.625003	4046.652357
2.625003	4046.652357
2.625088	4046.652357
2.625088	4046.652357
2.625174	4046.652357
2.625174	4046.652357
2.625259	4046.652357
2.625259	4046.652357
2.625344	4046.652357
2.625344	4046.652357
2.625429	4046.652357
2.625429	4046.652357
2.625515	4046.652357
2.625515	4046.652357
2.625600	4046.652357
2.625600	4046.652357
2.625685	4046.652357
2.625685	4046.652357
2.625771	4046.652357
2.625771	4046.652357
2.625856	4046.652357
2.625856	4046.652357
2.625941	4046.652357
2.625941	4046.652357
2.626026	4046.652357
2.626026	4046.652357
2.626112	4046.652357
2.626112	4046.652357
2.634500	4007.127234
2.634500	4007.127234
2.634586	4007.114104
2.634586	4007.114104
2.634671	4007.103113
2.634671	4007.103113
2.634756	4007.092123
2.634756	4007.092123
2.634842	4007.078997
2.634842	4007.078997
2.634927	4007.068009
2.634927	4007.068009
2.635012	4007.057022
2.635012	4007.057022
2.635097	4007.046035
2.635097	4007.046035
2.635183	4007.032914
2.635183	4007.032914
2.635268	4007.021930
2.635268	4007.021930
2.635353	4007.010947
2.635353	4007.010947
2.635439	4006.997828
2.635439	4006.997828
2.635524	4006.986847
2.635524	4006.986847
2.635609	4006.975868
2.635609	4006.975868
2.635694	4006.964889
2.635694	4006.964889
2.635780	4006.951775
2.635780	4006.951775
2.635865	4006.940798
2.635865	4006.940798
2.635950	4006.929822
2.635950	4006.929822
2.636036	4006.916712
2.636036	4006.916712
2.636121	4006.905738
2.636121	4006.905738
2.644500	4006.905738
2.644500	4006.905738
2.644586	4006.905738
2.644586	4006.905738
2.644671	4006.905738
2.644671	4006.905738
2.644756	4006.905738
2.644756	4006.905738
2.644842	4006.905738
2.644842	4006.905738
2.644927	4006.905738
2.644927	4006.905738
2.645012	4006.905738
2.645012	4006.905738
2.645097	4006.905738
2.645097	4006.905738
2.645183	4006.905738
2.645183	4006.905738
2.645268	4006.905738
2.645268	4006.905738
2.645353	4006.905738
2.645353	4006.905738
2.645439	4006.905738
2.645439	4006.905738
2.645524	4006.905738
2.645524	4006.905738
2.645609	4006.905738
2.645609	4006.905738
2.645694	4006.905738
2.645694	4006.905738
2.645780	4006.905738
2.645780	4006.905738
2.645865	4006.905738
2.645865	4006.905738
2.645950	4006.905738
2.645950	4006.905738
2.646036	4006.905738
2.646036	4006.905738
2.646121	4006.905738
2.646121	4006.905738
2.654589	3972.238834
2.654589	3972.238834
2.654674	3976.451886
2.654674	3976.451886
2.654759	3980.664559
2.654759	3980.664559
2.654845	3984.874752
2.654845	3984.874752
2.654930	3989.086668
2.654930	3989.086668
2.655015	3993.298206
2.655015	3993.298206
2.655100	3997.509366
2.655100	3997.509366
2.655186	4001.718037
2.655186	4001.718037
2.655271	4005.928440
2.655271	4005.928440
2.655356	4010.138465
2.655356	4010.138465
2.655442	4014.345994
2.655442	4014.345994
2.655527	4018.555262
2.655527	4018.555262
2.655612	4022.764152
2.655612	4022.764152
2.655697	4026.972665
2.655697	4026.972665
2.655783	4031.178674
2.655783	4031.178674
2.655868	4035.386430
2.655868	4035.386430
2.655953	4039.593808
2.655953	4039.593808
2.656039	4043.798677
2.656039	4043.798677
2.656124	4048.005299
2.656124	4048.005299
2.656209	4052.211544
2.656209	4052.211544
2.664589	4052.211544
2.664589	4052.211544
2.664674	4052.211544
2.664674	4052.211544
2.664759	4052.211544
2.664759	4052.211544
2.664845	4052.211544
2.664845	4052.211544
2.664930	4052.211544
2.664930	4052.211544
2.665015	4052.211544
2.665015	4052.211544
2.665100	4052.211544
2.665100	4052.211544
2.665186	4052.211544
2.665186	4052.211544
2.665271	4052.211544
2.665271	4052.211544
2.665356	4052.211544
2.665356	4052.211544
2.665442	4052.211544
2.665442	4052.211544
2.665527	4052.211544
2.665527	4052.211544
2.665612	4052.211544
2.665612	4052.211544
2.665697	4052.211544
2.665697	4052.211544
2.665783	4052.211544
2.665783	4052.211544
2.665868	4052.211544
2.665868	4052.211544
2.665953	4052.211544
2.665953	4052.211544
2.666039	4052.211544
2.666039	4052.211544
2.666124	4052.211544
2.666124	4052.211544
2.666209	4052.211544
2.666209	4052.211544
2.674598	4013.458700
2.674598	4013.458700
2.674683	4013.447657
2.674683	4013.447657
2.674768	4013.436615
2.674768	4013.436615
2.674854	4013.423478
2.674854	4013.423478
2.674939	4013.412438
2.674939	4013.412438
2.675024	4013.401399
2.675024	4013.401399
2.675110	4013.388265
2.675110	4013.388265
2.675195	4013.377228
2.675195	4013.377228
2.675280	4013.366192
2.675280	4013.366192
2.675365	4013.355157
2.675365	4013.355157
2.675451	4013.342028
2.675451	4013.342028
2.675536	4013.330995
2.675536	4013.330995
2.675621	4013.319963
2.675621	4013.319963
2.675707	4013.306837
2.675707	4013.306837
2.675792	4013.295807
2.675792	4013.295807
2.675877	4013.284778
2.675877	4013.284778
2.675962	4013.273750
2.675962	4013.273750
2.676048	4013.260628
2.676048	4013.260628
2.676133	4013.249602
2.676133	4013.249602
2.676218	4013.238577
2.676218	4013.238577
2.684598	4013.238577
2.684598	4013.238577
2.684683	4013.238577
2.684683	4013.238577
2.684768	4013.238577
2.684768	4013.238577
2.684854	4013.238577
2.684854	4013.238577
2.684939	4013.238577
2.684939	4013.238577
2.685024	4013.238577
2.685024	4013.238577
2.685110	4013.238577
2.685110	4013.238577
2.685195	4013.238577
2.685195	4013.238577
2.685280	4013.238577
2.685280	4013.238577
2.685365	4013.238577
2.685365	4013.238577
2.685451	4013.238577
2.685451	4013.238577
2.685536	4013.238577
2.685536	4013.238577
2.685621	4013.238577
2.685621	4013.238577
2.685707	4013.238577
2.685707	4013.238577
2.685792	4013.238577
2.685792	4013.238577
2.685877	4013.238577
2.685877	4013.238577
2.685962	4013.238577
2.685962	4013.238577
2.686048	4013.238577
2.686048	4013.238577
2.686133	4013.238577
2.686133	4013.238577
2.686218	4013.238577
2.686218	4013.238577
2.694686	3979.229704
2.694686	3979.229704
2.694772	3983.353077
2.694772	3983.353077
2.694857	3987.478144
2.694857	3987.478144
2.694942	3991.602849
2.694942	3991.602849
2.695027	3995.727191
2.695027	3995.727191
2.695113	3999.849104
2.695113	3999.849104
2.695198	4003.972720
2.695198	4003.972720
2.695283	4008.095974
2.695283	4008.095974
2.695368	4012.218865
2.695368	4012.218865
2.695454	4016.339319
2.695454	4016.339319
2.695539	4020.461484
2.695539	4020.461484
2.695624	4024.583287
2.695624	4024.583287
2.695710	4028.702647
2.695710	4028.702647
2.695795	4032.823724
2.695795	4032.823724
2.695880	4036.944439
2.695880	4036.944439
2.695965	4041.064792
2.695965	4041.064792
2.696051	4045.182694
2.696051	4045.182694
2.696136	4049.302322
2.696136	4049.302322
2.696221	4053.421588
2.696221	4053.421588
2.696307	4057.538397
2.696307	4057.538397
2.704686	4057.538397
2.704686	4057.538397
2.704772	4057.538397
2.704772	4057.538397
2.704857	4057.538397
2.704857	4057.538397
2.704942	4057.538397
2.704942	4057.538397
2.705027	4057.538397
2.705027	4057.538397
2.705113	4057.538397
2.705113	4057.538397
2.705198	4057.538397
2.705198	4057.538397
2.705283	4057.538397
2.705283	4057.538397
2.705368	4057.538397
2.705368	4057.538397
2.705454	4057.538397
2.705454	4057.538397
2.705539	4057.538397
2.705539	4057.538397
2.705624	4057.538397
2.705624	4057.538397
2.705710	4057.538397
2.705710	4057.538397
2.705795	4057.538397
2.705795	4057.538397
2.705880	4057.538397
2.705880	4057.538397
2.705965	4057.538397
2.705965	4057.538397
2.706051	4057.538397
2.706051	4057.538397
2.706136	4057.538397
2.706136	4057.538397
2.706221	4057.538397
2.706221	4057.538397
2.706307	4057.538397
2.706307	4057.538397
2.714695	4019.532459
2.714695	4019.532459
2.714781	4019.519322
2.714781	4019.519322
2.714866	4019.508243
2.714866	4019.508243
2.714951	4019.497164
2.714951	4019.497164
2.715036	4019.486086
2.715036	4019.486086
2.715122	4019.472954
2.715122	4019.472954
2.715207	4019.461878
2.715207	4019.461878
2.715292	4019.450803
2.715292	4019.450803
2.715378	4019.437674
2.715378	4019.437674
2.715463	4019.426601
2.715463	4019.426601
2.715548	4019.415530
2.715548	4019.415530
2.715633	4019.404459
2.715633	4019.404459
2.715719	4019.391334
2.715719	4019.391334
2.715804	4019.380265
2.715804	4019.380265
2.715889	4019.369197
2.715889	4019.369197
2.715975	4019.356076
2.715975	4019.356076
2.716060	4019.345010
2.716060	4019.345010
2.716145	4019.333945
2.716145	4019.333945
2.716230	4019.322881
2.716230	4019.322881
2.716316	4019.309764
2.716316	4019.309764
2.724695	4019.309764
2.724695	4019.309764
2.724781	4019.309764
2.724781	4019.309764
2.724866	4019.309764
2.724866	4019.309764
2.724951	4019.309764
2.724951	4019.309764
2.725036	4019.309764
2.725036	4019.309764
2.725122	4019.309764
2.725122	4019.309764
2.725207	4019.309764
2.725207	4019.309764
2.725292	4019.309764
2.725292	4019.309764
2.725378	4019.309764
2.725378	4019.309764
2.725463	4019.309764
2.725463	4019.309764
2.725548	4019.309764
2.725548	4019.309764
2.725633	4019.309764
2.725633	4019.309764
2.725719	4019.309764
2.725719	4019.309764
2.725804	4019.309764
2.725804	4019.309764
2.725889	4019.309764
2.725889	4019.309764
2.725975	4019.309764
2.725975	4019.309764
2.726060	4019.309764
2.726060	4019.309764
2.726145	4019.309764
2.726145	4019.309764
2.726230	4019.309764
2.726230	4019.309764
2.726316	4019.309764
2.726316	4019.309764
2.734784	3985.934664
2.734784	3985.934664
2.734869	3989.976044
2.734869	3989.976044
2.734954	3994.017076
2.734954	3994.017076
2.735040	3998.055736
2.735040	3998.055736
2.735125	4002.096070
2.735125	4002.096070
2.735210	4006.136056
2.735210	4006.136056
2.735295	4010.175695
2.735295	4010.175695
2.735381	4014.212954
2.735381	4014.212954
2.735466	4018.251896
2.735466	4018.251896
2.735551	4022.290490
2.735551	4022.290490
2.735636	4026.328737
2.735636	4026.328737
2.735722	4030.364596
2.735722	4030.364596
2.735807	4034.402146
2.735807	4034.402146
2.735892	4038.439348
2.735892	4038.439348
2.735978	4042.474157
2.735978	4042.474157
2.736063	4046.510663
2.736063	4046.510663
2.736148	4050.546821
2.736148	4050.546821
2.736233	4054.582633
2.736233	4054.582633
2.736319	4058.616043
2.736319	4058.616043
2.736404	4062.651158
2.736404	4062.651158
2.744784	4062.651158
2.744784	4062.651158
2.744869	4062.651158
2.744869	4062.651158
2.744954	4062.651158
2.744954	4062.651158
2.745040	4062.651158
2.745040	4062.651158
2.745125	4062.651158
2.745125	4062.651158
2.745210	4062.651158
2.745210	4062.651158
2.745295	4062.651158
2.745295	4062.651158
2.745381	4062.651158
2.745381	4062.651158
2.745466	4062.651158
2.745466	4062.651158
2.745551	4062.651158
2.745551	4062.651158
2.745636	4062.651158
2.745636	4062.651158
2.745722	4062.651158
2.745722	4062.651158
2.745807	4062.651158
2.745807	4062.651158
2.745892	4062.651158
2.745892	4062.651158
2.745978	4062.651158
2.745978	4062.651158
2.746063	4062.651158
2.746063	4062.651158
2.746148	4062.651158
2.746148	4062.651158
2.746233	4062.651158
2.746233	4062.651158
2.746319	4062.651158
2.746319	4062.651158
2.746404	4062.651158
2.746404	4062.651158
2.754793	4025.360025
2.754793	4025.360025
2.754878	4025.348919
2.754878	4025.348919
2.754963	4025.337813
2.754963	4025.337813
2.755049	4025.324691
2.755049	4025.324691
2.755134	4025.313588
2.755134	4025.313588
2.755219	4025.302486
2.755219	4025.302486
2.755304	4025.291384
2.755304	4025.291384
2.755390	4025.278266
2.755390	4025.278266
2.755475	4025.267167
2.755475	4025.267167
2.755560	4025.256068
2.755560	4025.256068
2.755646	4025.242954
2.755646	4025.242954
2.755731	4025.231857
2.755731	4025.231857
2.755816	4025.220762
2.755816	4025.220762
2.755901	4025.209667
2.755901	4025.209667
2.755987	4025.196557
2.755987	4025.196557
2.756072	4025.185464
2.756072	4025.185464
2.756157	4025.174373
2.756157	4025.174373
2.756243	4025.161265
2.756243	4025.161265
2.756328	4025.150176
2.756328	4025.150176
2.756413	4025.139087
2.756413	4025.139087
2.764793	4025.139087
2.764793	4025.139087
2.764878	4025.139087
2.764878	4025.139087
2.764963	4025.139087
2.764963	4025.139087
2.765049	4025.139087
2.765049	4025.139087
2.765134	4025.139087
2.765134	4025.139087
2.765219	4025.139087
2.765219	4025.139087
2.765304	4025.139087
2.765304	4025.139087
2.765390	4025.139087
2.765390	4025.139087
2.765475	4025.139087
2.765475	4025.139087
2.765560	4025.139087
2.765560	4025.139087
2.765646	4025.139087
2.765646	4025.139087
2.765731	4025.139087
2.765731	4025.139087
2.765816	4025.139087
2.765816	4025.139087
2.765901	4025.139087
2.765901	4025.139087
2.765987	4025.139087
2.765987	4025.139087
2.766072	4025.139087
2.766072	4025.139087
2.766157	4025.139087
2.766157	4025.139087
2.766243	4025.139087
2.766243	4025.139087
2.766328	4025.139087
2.766328	4025.139087
2.766413	4025.139087
2.766413	4025.139087
2.774881	3992.374736
2.774881	3992.374736
2.774966	3996.335422
2.774966	3996.335422
2.775052	4000.293789
2.775052	4000.293789
2.775137	4004.253805
2.775137	4004.253805
2.775222	4008.213487
2.775222	4008.213487
2.775308	4012.170844
2.775308	4012.170844
2.775393	4016.129857
2.775393	4016.129857
2.775478	4020.088535
2.775478	4020.088535
2.775563	4024.046879
2.775563	4024.046879
2.775649	4028.002891
2.775649	4028.002891
2.775734	4031.960566
2.775734	4031.960566
2.775819	4035.917907
2.775819	4035.917907
2.775904	4039.874915
2.775904	4039.874915
2.775990	4043.829582
2.775990	4043.829582
2.776075	4047.785921
2.776075	4047.785921
2.776160	4051.741925
2.776160	4051.741925
2.776246	4055.695585
2.776246	4055.695585
2.776331	4059.650920
2.776331	4059.650920
2.776416	4063.605923
2.776416	4063.605923
2.776501	4067.560591
2.776501	4067.560591
2.784881	4067.560591
2.784881	4067.560591
2.784966	4067.560591
2.784966	4067.560591
2.785052	4067.560591
2.785052	4067.560591
2.785137	4067.560591
2.785137	4067.560591
2.785222	4067.560591
2.785222	4067.560591
2.785308	4067.560591
2.785308	4067.560591
2.785393	4067.560591
2.785393	4067.560591
2.785478	4067.560591
2.785478	4067.560591
2.785563	4067.560591
2.785563	4067.560591
2.785649	4067.560591
2.785649	4067.560591
2.785734	4067.560591
2.785734	4067.560591
2.785819	4067.560591
2.785819	4067.560591
2.785904	4067.560591
2.785904	4067.560591
2.785990	4067.560591
2.785990	4067.560591
2.786075	4067.560591
2.786075	4067.560591
2.786160	4067.560591
2.786160	4067.560591
2.786246	4067.560591
2.786246	4067.560591
2.786331	4067.560591
2.786331	4067.560591
2.786416	4067.560591
2.786416	4067.560591
2.786501	4067.560591
2.786501	4067.560591
2.794890	4030.959904
2.794890	4030.959904
2.794976	4030.946802
2.794976	4030.946802
2.795061	4030.935682
2.795061	4030.935682
2.795146	4030.924563
2.795146	4030.924563
2.795231	4030.913444
2.795231	4030.913444
2.795317	4030.900346
2.795317	4030.900346
2.795402	4030.889230
2.795402	4030.889230
2.795487	4030.878114
2.795487	4030.878114
2.795572	4030.867000
2.795572	4030.867000
2.795658	4030.853906
2.795658	4030.853906
2.795743	4030.842793
2.795743	4030.842793
2.795828	4030.831681
2.795828	4030.831681
2.795914	4030.818591
2.795914	4030.818591
2.795999	4030.807481
2.795999	4030.807481
2.796084	4030.796372
2.796084	4030.796372
2.796169	4030.785264
2.796169	4030.785264
2.796255	4030.772177
2.796255	4030.772177
2.796340	4030.761071
2.796340	4030.761071
2.796425	4030.749966
2.796425	4030.749966
2.796511	4030.736883
2.796511	4030.736883
2.804890	4030.736883
2.804890	4030.736883
2.804976	4030.736883
2.804976	4030.736883
2.805061	4030.736883
2.805061	4030.736883
2.805146	4030.736883
2.805146	4030.736883
2.805231	4030.736883
2.805231	4030.736883
2.805317	4030.736883
2.805317	4030.736883
2.805402	4030.736883
2.805402	4030.736883
2.805487	4030.736883
2.805487	4030.736883
2.805572	4030.736883
2.805572	4030.736883
2.805658	4030.736883
2.805658	4030.736883
2.805743	4030.736883
2.805743	4030.736883
2.805828	4030.736883
2.805828	4030.736883
2.805914	4030.736883
2.805914	4030.736883
2.805999	4030.736883
2.805999	4030.736883
2.806084	4030.736883
2.806084	4030.736883
2.806169	4030.736883
2.806169	4030.736883
2.806255	4030.736883
2.806255	4030.736883
2.806340	4030.736883
2.806340	4030.736883
2.806425	4030.736883
2.806425	4030.736883
2.806511	4030.736883
2.806511	4030.736883
2.814979	3998.561542
2.814979	3998.561542
2.815064	4002.444693
2.815064	4002.444693
2.815149	4006.327522
2.815149	4006.327522
2.815234	4010.210030
2.815234	4010.210030
2.815320	4014.090263
2.815320	4014.090263
2.815405	4017.972127
2.815405	4017.972127
2.815490	4021.853670
2.815490	4021.853670
2.815576	4025.732933
2.815576	4025.732933
2.815661	4029.613832
2.815661	4029.613832
2.815746	4033.494410
2.815746	4033.494410
2.815831	4037.374667
2.815831	4037.374667
2.815917	4041.252638
2.815917	4041.252638
2.816002	4045.132252
2.816002	4045.132252
2.816087	4049.011545
2.816087	4049.011545
2.816172	4052.890517
2.816172	4052.890517
2.816258	4056.767196
2.816258	4056.767196
2.816343	4060.645525
2.816343	4060.645525
2.816428	4064.523533
2.816428	4064.523533
2.816514	4068.399243
2.816514	4068.399243
2.816599	4072.276608
2.816599	4072.276608
2.824979	4072.276608
2.824979	4072.276608
2.825064	4072.276608
2.825064	4072.276608
2.825149	4072.276608
2.825149	4072.276608
2.825234	4072.276608
2.825234	4072.276608
2.825320	4072.276608
2.825320	4072.276608
2.825405	4072.276608
2.825405	4072.276608
2.825490	4072.276608
2.825490	4072.276608
2.825576	4072.276608
2.825576	4072.276608
2.825661	4072.276608
2.825661	4072.276608
2.825746	4072.276608
2.825746	4072.276608
2.825831	4072.276608
2.825831	4072.276608
2.825917	4072.276608
2.825917	4072.276608
2.826002	4072.276608
2.826002	4072.276608
2.826087	4072.276608
2.826087	4072.276608
2.826172	4072.276608
2.826172	4072.276608
2.826258	4072.276608
2.826258	4072.276608
2.826343	4072.276608
2.826343	4072.276608
2.826428	4072.276608
2.826428	4072.276608
2.826514	4072.276608
2.826514	4072.276608
2.826599	4072.276608
2.826599	4072.276608
2.834988	4036.341415
2.834988	4036.341415
2.835073	4036.330288
2.835073	4036.330288
2.835158	4036.319162
2.835158	4036.319162
2.835244	4036.306092
2.835244	4036.306092
2.835329	4036.294968
2.835329	4036.294968
2.835414	4036.283845
2.835414	4036.283845
2.835499	4036.272723
2.835499	4036.272723
2.835585	4036.259657
2.835585	4036.259657
2.835670	4036.248537
2.835670	4036.248537
2.835755	4036.237417
2.835755	4036.237417
2.835840	4036.226299
2.835840	4036.226299
2.835926	4036.213237
2.835926	4036.213237
2.836011	4036.202120
2.836011	4036.202120
2.836096	4036.191005
2.836096	4036.191005
2.836182	4036.177946
2.836182	4036.177946
2.836267	4036.166832
2.836267	4036.166832
2.836352	4036.155719
2.836352	4036.155719
2.836437	4036.144607
2.836437	4036.144607
2.836523	4036.131553
2.836523	4036.131553
2.836608	4036.120443
2.836608	4036.120443
2.844988	4036.120443
2.844988	4036.120443
2.845073	4036.120443
2.845073	4036.120443
2.845158	4036.120443
2.845158	4036.120443
2.845244	4036.120443
2.845244	4036.120443
2.845329	4036.120443
2.845329	4036.120443
2.845414	4036.120443
2.845414	4036.120443
2.845499	4036.120443
2.845499	4036.120443
2.845585	4036.120443
2.845585	4036.120443
2.845670	4036.120443
2.845670	4036.120443
2.845755	4036.120443
2.845755	4036.120443
2.845840	4036.120443
2.845840	4036.120443
2.845926	4036.120443
2.845926	4036.120443
2.846011	4036.120443
2.846011	4036.120443
2.846096	4036.120443
2.846096	4036.120443
2.846182	4036.120443
2.846182	4036.120443
2.846267	4036.120443
2.846267	4036.120443
2.846352	4036.120443
2.846352	4036.120443
2.846437	4036.120443
2.846437	4036.120443
2.846523	4036.120443
2.846523	4036.120443
2.846608	4036.120443
2.846608	4036.120443
2.855076	4004.513440
2.855076	4004.513440
2.855161	4008.322033
2.855161	4008.322033
2.855247	4012.128403
2.855247	4012.128403
2.855332	4015.936377
2.855332	4015.936377
2.855417	4019.744041
2.855417	4019.744041
2.855502	4023.551397
2.855502	4023.551397
2.855588	4027.356522
2.855588	4027.356522
2.855673	4031.163259
2.855673	4031.163259
2.855758	4034.969686
2.855758	4034.969686
2.855844	4038.773878
2.855844	4038.773878
2.855929	4042.579687
2.855929	4042.579687
2.856014	4046.385186
2.856014	4046.385186
2.856099	4050.190377
2.856099	4050.190377
2.856185	4053.993326
2.856185	4053.993326
2.856270	4057.797898
2.856270	4057.797898
2.856355	4061.602162
2.856355	4061.602162
2.856440	4065.406117
2.856440	4065.406117
2.856526	4069.207823
2.856526	4069.207823
2.856611	4073.011159
2.856611	4073.011159
2.856696	4076.814188
2.856696	4076.814188
2.865076	4076.814188
2.865076	4076.814188
2.865161	4076.814188
2.865161	4076.814188
2.865247	4076.814188
2.865247	4076.814188
2.865332	4076.814188
2.865332	4076.814188
2.865417	4076.814188
2.865417	4076.814188
2.865502	4076.814188
2.865502	4076.814188
2.865588	4076.814188
2.865588	4076.814188
2.865673	4076.814188
2.865673	4076.814188
2.865758	4076.814188
2.865758	4076.814188
2.865844	4076.814188
2.865844	4076.814188
2.865929	4076.814188
2.865929	4076.814188
2.866014	4076.814188
2.866014	4076.814188
2.866099	4076.814188
2.866099	4076.814188
2.866185	4076.814188
2.866185	4076.814188
2.866270	4076.814188
2.866270	4076.814188
2.866355	4076.814188
2.866355	4076.814188
2.866440	4076.814188
2.866440	4076.814188
2.866526	4076.814188
2.866526	4076.814188
2.866611	4076.814188
2.866611	4076.814188
2.866696	4076.814188
2.866696	4076.814188
2.875085	4041.520790
2.875085	4041.520790
2.875170	4041.509666
2.875170	4041.509666
2.875256	4041.496632
2.875256	4041.496632
2.875341	4041.485510
2.875341	4041.485510
2.875426	4041.474389
2.875426	4041.474389
2.875512	4041.461358
2.875512	4041.461358
2.875597	4041.450238
2.875597	4041.450238
2.875682	4041.439120
2.875682	4041.439120
2.875767	4041.428002
2.875767	4041.428002
2.875853	4041.414975
2.875853	4041.414975
2.875938	4041.403860
2.875938	4041.403860
2.876023	4041.392745
2.876023	4041.392745
2.876108	4041.381631
2.876108	4041.381631
2.876194	4041.368608
2.876194	4041.368608
2.876279	4041.357496
2.876279	4041.357496
2.876364	4041.346385
2.876364	4041.346385
2.876450	4041.333365
2.876450	4041.333365
2.876535	4041.322255
2.876535	4041.322255
2.876620	4041.311147
2.876620	4041.311147
2.876705	4041.300039
2.876705	4041.300039
2.885085	4041.300039
2.885085	4041.300039
2.885170	4041.300039
2.885170	4041.300039
2.885256	4041.300039
2.885256	4041.300039
2.885341	4041.300039
2.885341	4041.300039
2.885426	4041.300039
2.885426	4041.300039
2.885512	4041.300039
2.885512	4041.300039
2.885597	4041.300039
2.885597	4041.300039
2.885682	4041.300039
2.885682	4041.300039
2.885767	4041.300039
2.885767	4041.300039
2.885853	4041.300039
2.885853	4041.300039
2.885938	4041.300039
2.885938	4041.300039
2.886023	4041.300039
2.886023	4041.300039
2.886108	4041.300039
2.886108	4041.300039
2.886194	4041.300039
2.886194	4041.300039
2.886279	4041.300039
2.886279	4041.300039
2.886364	4041.300039
2.886364	4041.300039
2.886450	4041.300039
2.886450	4041.300039
2.886535	4041.300039
2.886535	4041.300039
2.886620	4041.300039
2.886620	4041.300039
2.886705	4041.300039
2.886705	4041.300039
2.895173	4010.241793
2.895173	4010.241793
2.895259	4013.976759
2.895259	4013.976759
2.895344	4017.713305
2.895344	4017.713305
2.895429	4021.449554
2.895429	4021.449554
2.895515	4025.183621
2.895515	4025.183621
2.895600	4028.919273
2.895600	4028.919273
2.895685	4032.654628
2.895685	4032.654628
2.895770	4036.389686
2.895770	4036.389686
2.895856	4040.122555
2.895856	4040.122555
2.895941	4043.857017
2.895941	4043.857017
2.896026	4047.591181
2.896026	4047.591181
2.896112	4051.323152
2.896112	4051.323152
2.896197	4055.056720
2.896197	4055.056720
2.896282	4058.789991
2.896282	4058.789991
2.896367	4062.522965
2.896367	4062.522965
2.896453	4066.253739
2.896453	4066.253739
2.896538	4069.986118
2.896538	4069.986118
2.896623	4073.718199
2.896623	4073.718199
2.896708	4077.449984
2.896708	4077.449984
2.896794	4081.179562
2.896794	4081.179562
2.905173	4081.179562
2.905173	4081.179562
2.905259	4081.179562
2.905259	4081.179562
2.905344	4081.179562
2.905344	4081.179562
2.905429	4081.179562
2.905429	4081.179562
2.905515	4081.179562
2.905515	4081.179562
2.905600	4081.179562
2.905600	4081.179562
2.905685	4081.179562
2.905685	4081.179562
2.905770	4081.179562
2.905770	4081.179562
2.905856	4081.179562
2.905856	4081.179562
2.905941	4081.179562
2.905941	4081.179562
2.906026	4081.179562
2.906026	4081.179562
2.906112	4081.179562
2.906112	4081.179562
2.906197	4081.179562
2.906197	4081.179562
2.906282	4081.179562
2.906282	4081.179562
2.906367	4081.179562
2.906367	4081.179562
2.906453	4081.179562
2.906453	4081.179562
2.906538	4081.179562
2.906538	4081.179562
2.906623	4081.179562
2.906623	4081.179562
2.906708	4081.179562
2.906708	4081.179562
2.906794	4081.179562
2.906794	4081.179562
2.915183	4046.505564
2.915183	4046.505564
2.915268	4046.494450
2.915268	4046.494450
2.915353	4046.483337
2.915353	4046.483337
2.915438	4046.472225
2.915438	4046.472225
2.915524	4046.459237
2.915524	4046.459237
2.915609	4046.448127
2.915609	4046.448127
2.915694	4046.437017
2.915694	4046.437017
2.915780	4046.424032
2.915780	4046.424032
2.915865	4046.412925
2.915865	4046.412925
2.915950	4046.401818
2.915950	4046.401818
2.916035	4046.390713
2.916035	4046.390713
2.916121	4046.377731
2.916121	4046.377731
2.916206	4046.366627
2.916206	4046.366627
2.916291	4046.355524
2.916291	4046.355524
2.916376	4046.344422
2.916376	4046.344422
2.916462	4046.331445
2.916462	4046.331445
2.916547	4046.320345
2.916547	4046.320345
2.916632	4046.309245
2.916632	4046.309245
2.916718	4046.296271
2.916718	4046.296271
2.916803	4046.285173
2.916803	4046.285173
2.925183	4046.285173
2.925183	4046.285173
2.925268	4046.285173
2.925268	4046.285173
2.925353	4046.285173
2.925353	4046.285173
2.925438	4046.285173
2.925438	4046.285173
2.925524	4046.285173
2.925524	4046.285173
2.925609	4046.285173
2.925609	4046.285173
2.925694	4046.285173
2.925694	4046.285173
2.925780	4046.285173
2.925780	4046.285173
2.925865	4046.285173
2.925865	4046.285173
2.925950	4046.285173
2.925950	4046.285173
2.926035	4046.285173
2.926035	4046.285173
2.926121	4046.285173
2.926121	4046.285173
2.926206	4046.285173
2.926206	4046.285173
2.926291	4046.285173
2.926291	4046.285173
2.926376	4046.285173
2.926376	4046.285173
2.926462	4046.285173
2.926462	4046.285173
2.926547	4046.285173
2.926547	4046.285173
2.926632	4046.285173
2.926632	4046.285173
2.926718	4046.285173
2.926718	4046.285173
2.926803	4046.285173
2.926803	4046.285173
2.935271	4015.757117
2.935271	4015.757117
2.935356	4019.424867
2.935356	4019.424867
2.935441	4023.092329
2.935441	4023.092329
2.935527	4026.757655
2.935527	4026.757655
2.935612	4030.424543
2.935612	4030.424543
2.935697	4034.091144
2.935697	4034.091144
2.935783	4037.755603
2.935783	4037.755603
2.935868	4041.421630
2.935868	4041.421630
2.935953	4045.087371
2.935953	4045.087371
2.936038	4048.752825
2.936038	4048.752825
2.936124	4052.416131
2.936124	4052.416131
2.936209	4056.081011
2.936209	4056.081011
2.936294	4059.745604
2.936294	4059.745604
2.936380	4063.408045
2.936380	4063.408045
2.936465	4067.072064
2.936465	4067.072064
2.936550	4070.735797
2.936550	4070.735797
2.936635	4074.399245
2.936635	4074.399245
2.936721	4078.060532
2.936721	4078.060532
2.936806	4081.723406
2.936806	4081.723406
2.936891	4085.385993
2.936891	4085.385993
2.945271	4085.385993
2.945271	4085.385993
2.945356	4085.385993
2.945356	4085.385993
2.945441	4085.385993
2.945441	4085.385993
2.945527	4085.385993
2.945527	4085.385993
2.945612	4085.385993
2.945612	4085.385993
2.945697	4085.385993
2.945697	4085.385993
2.945783	4085.385993
2.945783	4085.385993
2.945868	4085.385993
2.945868	4085.385993
2.945953	4085.385993
2.945953	4085.385993
2.946038	4085.385993
2.946038	4085.385993
2.946124	4085.385993
2.946124	4085.385993
2.946209	4085.385993
2.946209	4085.385993
2.946294	4085.385993
2.946294	4085.385993
2.946380	4085.385993
2.946380	4085.385993
2.946465	4085.385993
2.946465	4085.385993
2.946550	4085.385993
2.946550	4085.385993
2.946635	4085.385993
2.946635	4085.385993
2.946721	4085.385993
2.946721	4085.385993
2.946806	4085.385993
2.946806	4085.385993
2.946891	4085.385993
2.946891	4085.385993
2.955280	4051.310083
2.955280	4051.310083
2.955365	4051.298987
2.955365	4051.298987
2.955451	4051.286046
2.955451	4051.286046
2.955536	4051.274951
2.955536	4051.274951
2.955621	4051.263857
2.955621	4051.263857
2.955706	4051.252763
2.955706	4051.252763
2.955792	4051.239826
2.955792	4051.239826
2.955877	4051.228735
2.955877	4051.228735
2.955962	4051.217644
2.955962	4051.217644
2.956048	4051.204710
2.956048	4051.204710
2.956133	4051.193621
2.956133	4051.193621
2.956218	4051.182533
2.956218	4051.182533
2.956303	4051.171446
2.956303	4051.171446
2.956389	4051.158515
2.956389	4051.158515
2.956474	4051.147430
2.956474	4051.147430
2.956559	4051.136346
2.956559	4051.136346
2.956644	4051.125262
2.956644	4051.125262
2.956730	4051.112335
2.956730	4051.112335
2.956815	4051.101253
2.956815	4051.101253
2.956900	4051.090173
2.956900	4051.090173
2.965280	4051.090173
2.965280	4051.090173
2.965365	4051.090173
2.965365	4051.090173
2.965451	4051.090173
2.965451	4051.090173
2.965536	4051.090173
2.965536	4051.090173
2.965621	4051.090173
2.965621	4051.090173
2.965706	4051.090173
2.965706	4051.090173
2.965792	4051.090173
2.965792	4051.090173
2.965877	4051.090173
2.965877	4051.090173
2.965962	4051.090173
2.965962	4051.090173
2.966048	4051.090173
2.966048	4051.090173
2.966133	4051.090173
2.966133	4051.090173
2.966218	4051.090173
2.966218	4051.090173
2.966303	4051.090173
2.966303	4051.090173
2.966389	4051.090173
2.966389	4051.090173
2.966474	4051.090173
2.966474	4051.090173
2.966559	4051.090173
2.966559	4051.090173
2.966644	4051.090173
2.966644	4051.090173
2.966730	4051.090173
2.966730	4051.090173
2.966815	4051.090173
2.966815	4051.090173
2.966900	4051.090173
2.966900	4051.090173
2.975368	4021.074603
2.975368	4021.074603
2.975454	4024.673949
2.975454	4024.673949
2.975539	4028.274835
2.975539	4028.274835
2.975624	4031.875445
2.975624	4031.875445
2.975709	4035.475778
2.975709	4035.475778
2.975795	4039.074012
2.975795	4039.074012
2.975880	4042.673791
2.975880	4042.673791
2.975965	4046.273294
2.975965	4046.273294
2.976051	4049.870693
2.976051	4049.870693
2.976136	4053.469643
2.976136	4053.469643
2.976221	4057.068316
2.976221	4057.068316
2.976306	4060.666713
2.976306	4060.666713
2.976392	4064.263000
2.976392	4064.263000
2.976477	4067.860844
2.976477	4067.860844
2.976562	4071.458412
2.976562	4071.458412
2.976648	4075.053865
2.976648	4075.053865
2.976733	4078.650879
2.976733	4078.650879
2.976818	4082.247618
2.976818	4082.247618
2.976903	4085.844081
2.976903	4085.844081
2.976989	4089.438423
2.976989	4089.438423
2.985368	4089.438423
2.985368	4089.438423
2.985454	4089.438423
2.985454	4089.438423
2.985539	4089.438423
2.985539	4089.438423
2.985624	4089.438423
2.985624	4089.438423
2.985709	4089.438423
2.985709	4089.438423
2.985795	4089.438423
2.985795	4089.438423
2.985880	4089.438423
2.985880	4089.438423
2.985965	4089.438423
2.985965	4089.438423
2.986051	4089.438423
2.986051	4089.438423
2.986136	4089.438423
2.986136	4089.438423
2.986221	4089.438423
2.986221	4089.438423
2.986306	4089.438423
2.986306	4089.438423
2.986392	4089.438423
2.986392	4089.438423
2.986477	4089.438423
2.986477	4089.438423
2.986562	4089.438423
2.986562	4089.438423
2.986648	4089.438423
2.986648	4089.438423
2.986733	4089.438423
2.986733	4089.438423
2.986818	4089.438423
2.986818	4089.438423
2.986903	4089.438423
2.986903	4089.438423
2.986989	4089.438423
2.986989	4089.438423
2.995377	4055.942242
2.995377	4055.942242
2.995463	4055.929353
2.995463	4055.929353
2.995548	4055.918280
2.995548	4055.918280
2.995633	4055.907208
2.995633	4055.907208
2.995719	4055.894323
2.995719	4055.894323
2.995804	4055.883253
2.995804	4055.883253
2.995889	4055.872183
2.995889	4055.872183
2.995974	4055.861115
2.995974	4055.861115
2.996060	4055.848233
2.996060	4055.848233
2.996145	4055.837166
2.996145	4055.837166
2.996230	4055.826100
2.996230	4055.826100
2.996316	4055.813221
2.996316	4055.813221
2.996401	4055.802157
2.996401	4055.802157
2.996486	4055.791094
2.996486	4055.791094
2.996571	4055.780031
2.996571	4055.780031
2.996657	4055.767156
2.996657	4055.767156
2.996742	4055.756095
2.996742	4055.756095
2.996827	4055.745035
2.996827	4055.745035
2.996912	4055.733976
2.996912	4055.733976
2.996998	4055.721105
2.996998	4055.721105
3.005377	4055.721105
3.005377	4055.721105
3.005463	4055.721105
3.005463	4055.721105
3.005548	4055.721105
3.005548	4055.721105
3.005633	4055.721105
3.005633	4055.721105
3.005719	4055.721105
3.005719	4055.721105
3.005804	4055.721105
3.005804	4055.721105
3.005889	4055.721105
3.005889	4055.721105
3.005974	4055.721105
3.005974	4055.721105
3.006060	4055.721105
3.006060	4055.721105
3.006145	4055.721105
3.006145	4055.721105
3.006230	4055.721105
3.006230	4055.721105
3.006316	4055.721105
3.006316	4055.721105
3.006401	4055.721105
3.006401	4055.721105
3.006486	4055.721105
3.006486	4055.721105
3.006571	4055.721105
3.006571	4055.721105
3.006657	4055.721105
3.006657	4055.721105
3.006742	4055.721105
3.006742	4055.721105
3.006827	4055.721105
3.006827	4055.721105
3.006912	4055.721105
3.006912	4055.721105
3.006998	4055.721105
3.006998	4055.721105
3.015466	4026.201237
3.015466	4026.201237
3.015551	4029.738188
3.015551	4029.738188
3.015636	4033.274872
3.015636	4033.274872
3.015722	4036.809500
3.015722	4036.809500
3.015807	4040.345650
3.015807	4040.345650
3.015892	4043.881533
3.015892	4043.881533
3.015977	4047.417150
3.015977	4047.417150
3.016063	4050.950705
3.016063	4050.950705
3.016148	4054.485787
3.016148	4054.485787
3.016233	4058.020603
3.016233	4058.020603
3.016319	4061.553353
3.016319	4061.553353
3.016404	4065.087635
3.016404	4065.087635
3.016489	4068.621651
3.016489	4068.621651
3.016574	4072.155400
3.016574	4072.155400
3.016660	4075.687077
3.016660	4075.687077
3.016745	4079.220293
3.016745	4079.220293
3.016830	4082.753242
3.016830	4082.753242
3.016916	4086.284115
3.016916	4086.284115
3.017001	4089.816531
3.017001	4089.816531
3.017086	4093.348681
3.017086	4093.348681
3.025466	4093.348681
3.025466	4093.348681
3.025551	4093.348681
3.025551	4093.348681
3.025636	4093.348681
3.025636	4093.348681
3.025722	4093.348681
3.025722	4093.348681
3.025807	4093.348681
3.025807	4093.348681
3.025892	4093.348681
3.025892	4093.348681
3.025977	4093.348681
3.025977	4093.348681
3.026063	4093.348681
3.026063	4093.348681
3.026148	4093.348681
3.026148	4093.348681
3.026233	4093.348681
3.026233	4093.348681
3.026319	4093.348681
3.026319	4093.348681
3.026404	4093.348681
3.026404	4093.348681
3.026489	4093.348681
3.026489	4093.348681
3.026574	4093.348681
3.026574	4093.348681
3.026660	4093.348681
3.026660	4093.348681
3.026745	4093.348681
3.026745	4093.348681
3.026830	4093.348681
3.026830	4093.348681
3.026916	4093.348681
3.026916	4093.348681
3.027001	4093.348681
3.027001	4093.348681
3.027086	4093.348681
3.027086	4093.348681
3.035475	4060.409365
3.035475	4060.409365
3.035560	4060.398320
3.035560	4060.398320
3.035645	4060.387275
3.035645	4060.387275
3.035731	4060.374447
3.035731	4060.374447
3.035816	4060.363404
3.035816	4060.363404
3.035901	4060.352362
3.035901	4060.352362
3.035987	4060.339536
3.035987	4060.339536
3.036072	4060.328496
3.036072	4060.328496
3.036157	4060.317456
3.036157	4060.317456
3.036242	4060.306417
3.036242	4060.306417
3.036328	4060.293596
3.036328	4060.293596
3.036413	4060.282559
3.036413	4060.282559
3.036498	4060.271522
3.036498	4060.271522
3.036584	4060.258703
3.036584	4060.258703
3.036669	4060.247669
3.036669	4060.247669
3.036754	4060.236635
3.036754	4060.236635
3.036839	4060.225602
3.036839	4060.225602
3.036925	4060.212787
3.036925	4060.212787
3.037010	4060.201756
3.037010	4060.201756
3.037095	4060.190725
3.037095	4060.190725
3.045475	4060.190725
3.045475	4060.190725
3.045560	4060.190725
3.045560	4060.190725
3.045645	4060.190725
3.045645	4060.190725
3.045731	4060.190725
3.045731	4060.190725
3.045816	4060.190725
3.045816	4060.190725
3.045901	4060.190725
3.045901	4060.190725
3.045987	4060.190725
3.045987	4060.190725
3.046072	4060.190725
3.046072	4060.190725
3.046157	4060.190725
3.046157	4060.190725
3.046242	4060.190725
3.046242	4060.190725
3.046328	4060.190725
3.046328	4060.190725
3.046413	4060.190725
3.046413	4060.190725
3.046498	4060.190725
3.046498	4060.190725
3.046584	4060.190725
3.046584	4060.190725
3.046669	4060.190725
3.046669	4060.190725
3.046754	4060.190725
3.046754	4060.190725
3.046839	4060.190725
3.046839	4060.190725
3.046925	4060.190725
3.046925	4060.190725
3.047010	4060.190725
3.047010	4060.190725
3.047095	4060.190725
3.047095	4060.190725
3.055563	4031.150528
3.055563	4031.150528
3.055648	4034.625518
3.055648	4034.625518
3.055734	4038.098491
3.055734	4038.098491
3.055819	4041.572964
3.055819	4041.572964
3.055904	4045.047180
3.055904	4045.047180
3.055990	4048.519375
3.055990	4048.519375
3.056075	4051.993075
3.056075	4051.993075
3.056160	4055.466518
3.056160	4055.466518
3.056245	4058.939704
3.056245	4058.939704
3.056331	4062.410863
3.056331	4062.410863
3.056416	4065.883533
3.056416	4065.883533
3.056501	4069.355946
3.056501	4069.355946
3.056587	4072.826329
3.056587	4072.826329
3.056672	4076.298226
3.056672	4076.298226
3.056757	4079.769867
3.056757	4079.769867
3.056842	4083.241250
3.056842	4083.241250
3.056928	4086.710598
3.056928	4086.710598
3.057013	4090.181466
3.057013	4090.181466
3.057098	4093.652078
3.057098	4093.652078
3.057184	4097.120649
3.057184	4097.120649
3.065563	4097.120649
3.065563	4097.120649
3.065648	4097.120649
3.065648	4097.120649
3.065734	4097.120649
3.065734	4097.120649
3.065819	4097.120649
3.065819	4097.120649
3.065904	4097.120649
3.065904	4097.120649
3.065990	4097.120649
3.065990	4097.120649
3.066075	4097.120649
3.066075	4097.120649
3.066160	4097.120649
3.066160	4097.120649
3.066245	4097.120649
3.066245	4097.120649
3.066331	4097.120649
3.066331	4097.120649
3.066416	4097.120649
3.066416	4097.120649
3.066501	4097.120649
3.066501	4097.120649
3.066587	4097.120649
3.066587	4097.120649
3.066672	4097.120649
3.066672	4097.120649
3.066757	4097.120649
3.066757	4097.120649
3.066842	4097.120649
3.066842	4097.120649
3.066928	4097.120649
3.066928	4097.120649
3.067013	4097.120649
3.067013	4097.120649
3.067098	4097.120649
3.067098	4097.120649
3.067184	4097.120649
3.067184	4097.120649
3.075572	4064.723533
3.075572	4064.723533
3.075658	4064.710765
3.075658	4064.710765
3.075743	4064.699753
3.075743	4064.699753
3.075828	4064.688742
3.075828	4064.688742
3.075913	4064.677732
3.075913	4064.677732
3.075999	4064.664967
3.075999	4064.664967
3.076084	4064.653959
3.076084	4064.653959
3.076169	4064.642951
3.076169	4064.642951
3.076255	4064.630190
3.076255	4064.630190
3.076340	4064.619184
3.076340	4064.619184
3.076425	4064.608179
3.076425	4064.608179
3.076510	4064.597174
3.076510	4064.597174
3.076596	4064.584416
3.076596	4064.584416
3.076681	4064.573413
3.076681	4064.573413
3.076766	4064.562412
3.076766	4064.562412
3.076852	4064.549656
3.076852	4064.549656
3.076937	4064.538656
3.076937	4064.538656
3.077022	4064.527657
3.077022	4064.527657
3.077107	4064.516658
3.077107	4064.516658
3.077193	4064.503906
3.077193	4064.503906
3.085572	4064.503906
3.085572	4064.503906
3.085658	4064.503906
3.085658	4064.503906
3.085743	4064.503906
3.085743	4064.503906
3.085828	4064.503906
3.085828	4064.503906
3.085913	4064.503906
3.085913	4064.503906
3.085999	4064.503906
3.085999	4064.503906
3.086084	4064.503906
3.086084	4064.503906
3.086169	4064.503906
3.086169	4064.503906
3.086255	4064.503906
3.086255	4064.503906
3.086340	4064.503906
3.086340	4064.503906
3.086425	4064.503906
3.086425	4064.503906
3.086510	4064.503906
3.086510	4064.503906
3.086596	4064.503906
3.086596	4064.503906
3.086681	4064.503906
3.086681	4064.503906
3.086766	4064.503906
3.086766	4064.503906
3.086852	4064.503906
3.086852	4064.503906
3.086937	4064.503906
3.086937	4064.503906
3.087022	4064.503906
3.087022	4064.503906
3.087107	4064.503906
3.087107	4064.503906
3.087193	4064.503906
3.087193	4064.503906
3.095661	4035.928159
3.095661	4035.928159
3.095746	4039.343319
3.095746	4039.343319
3.095831	4042.758230
3.095831	4042.758230
3.095916	4046.172893
3.095916	4046.172893
3.096002	4049.585574
3.096002	4049.585574
3.096087	4052.999738
3.096087	4052.999738
3.096172	4056.413654
3.096172	4056.413654
3.096258	4059.825584
3.096258	4059.825584
3.096343	4063.239002
3.096343	4063.239002
3.096428	4066.652172
3.096428	4066.652172
3.096513	4070.065093
3.096513	4070.065093
3.096599	4073.476022
3.096599	4073.476022
3.096684	4076.888445
3.096684	4076.888445
3.096769	4080.300620
3.096769	4080.300620
3.096855	4083.710799
3.096855	4083.710799
3.096940	4087.122476
3.096940	4087.122476
3.097025	4090.533905
3.097025	4090.533905
3.097110	4093.945086
3.097110	4093.945086
3.097196	4097.354266
3.097196	4097.354266
3.097281	4100.764949
3.097281	4100.764949
3.105661	4100.764949
3.105661	4100.764949
3.105746	4100.764949
3.105746	4100.764949
3.105831	4100.764949
3.105831	4100.764949
3.105916	4100.764949
3.105916	4100.764949
3.106002	4100.764949
3.106002	4100.764949
3.106087	4100.764949
3.106087	4100.764949
3.106172	4100.764949
3.106172	4100.764949
3.106258	4100.764949
3.106258	4100.764949
3.106343	4100.764949
3.106343	4100.764949
3.106428	4100.764949
3.106428	4100.764949
3.106513	4100.764949
3.106513	4100.764949
3.106599	4100.764949
3.106599	4100.764949
3.106684	4100.764949
3.106684	4100.764949
3.106769	4100.764949
3.106769	4100.764949
3.106855	4100.764949
3.106855	4100.764949
3.106940	4100.764949
3.106940	4100.764949
3.107025	4100.764949
3.107025	4100.764949
3.107110	4100.764949
3.107110	4100.764949
3.107196	4100.764949
3.107196	4100.764949
3.107281	4100.764949
3.107281	4100.764949
3.115670	4068.889106
3.115670	4068.889106
3.115755	4068.878130
3.115755	4068.878130
3.115840	4068.867156
3.115840	4068.867156
3.115926	4068.854455
3.115926	4068.854455
3.116011	4068.843482
3.116011	4068.843482
3.116096	4068.832509
3.116096	4068.832509
3.116181	4068.821538
3.116181	4068.821538
3.116267	4068.808840
3.116267	4068.808840
3.116352	4068.797871
3.116352	4068.797871
3.116437	4068.786902
3.116437	4068.786902
3.116523	4068.774207
3.116523	4068.774207
3.116608	4068.763239
3.116608	4068.763239
3.116693	4068.752273
3.116693	4068.752273
3.116778	4068.741307
3.116778	4068.741307
3.116864	4068.728616
3.116864	4068.728616
3.116949	4068.717652
3.116949	4068.717652
3.117034	4068.706688
3.117034	4068.706688
3.117120	4068.693999
3.117120	4068.693999
3.117205	4068.683038
3.117205	4068.683038
3.117290	4068.672077
3.117290	4068.672077
3.125670	4068.672077
3.125670	4068.672077
3.125755	4068.672077
3.125755	4068.672077
3.125840	4068.672077
3.125840	4068.672077
3.125926	4068.672077
3.125926	4068.672077
3.126011	4068.672077
3.126011	4068.672077
3.126096	4068.672077
3.126096	4068.672077
3.126181	4068.672077
3.126181	4068.672077
3.126267	4068.672077
3.126267	4068.672077
3.126352	4068.672077
3.126352	4068.672077
3.126437	4068.672077
3.126437	4068.672077
3.126523	4068.672077
3.126523	4068.672077
3.126608	4068.672077
3.126608	4068.672077
3.126693	4068.672077
3.126693	4068.672077
3.126778	4068.672077
3.126778	4068.672077
3.126864	4068.672077
3.126864	4068.672077
3.126949	4068.672077
3.126949	4068.672077
3.127034	4068.672077
3.127034	4068.672077
3.127120	4068.672077
3.127120	4068.672077
3.127205	4068.672077
3.127205	4068.672077
3.127290	4068.672077
3.127290	4068.672077
3.135758	4040.546217
3.135758	4040.546217
3.135843	4043.903574
3.135843	4043.903574
3.135929	4047.258988
3.135929	4047.258988
3.136014	4050.615863
3.136014	4050.615863
3.136099	4053.972499
3.136099	4053.972499
3.136184	4057.328894
3.136184	4057.328894
3.136270	4060.683340
3.136270	4060.683340
3.136355	4064.039253
3.136355	4064.039253
3.136440	4067.394927
3.136440	4067.394927
3.136526	4070.748647
3.136526	4070.748647
3.136611	4074.103839
3.136611	4074.103839
3.136696	4077.458792
3.136696	4077.458792
3.136781	4080.813504
3.136781	4080.813504
3.136867	4084.166258
3.136867	4084.166258
3.136952	4087.520488
3.136952	4087.520488
3.137037	4090.874479
3.137037	4090.874479
3.137123	4094.226508
3.137123	4094.226508
3.137208	4097.580018
3.137208	4097.580018
3.137293	4100.933288
3.137293	4100.933288
3.137378	4104.286319
3.137378	4104.286319
3.145758	4104.286319
3.145758	4104.286319
3.145843	4104.286319
3.145843	4104.286319
3.145929	4104.286319
3.145929	4104.286319
3.146014	4104.286319
3.146014	4104.286319
3.146099	4104.286319
3.146099	4104.286319
3.146184	4104.286319
3.146184	4104.286319
3.146270	4104.286319
3.146270	4104.286319
3.146355	4104.286319
3.146355	4104.286319
3.146440	4104.286319
3.146440	4104.286319
3.146526	4104.286319
3.146526	4104.286319
3.146611	4104.286319
3.146611	4104.286319
3.146696	4104.286319
3.146696	4104.286319
3.146781	4104.286319
3.146781	4104.286319
3.146867	4104.286319
3.146867	4104.286319
3.146952	4104.286319
3.146952	4104.286319
3.147037	4104.286319
3.147037	4104.286319
3.147123	4104.286319
3.147123	4104.286319
3.147208	4104.286319
3.147208	4104.286319
3.147293	4104.286319
3.147293	4104.286319
3.147378	4104.286319
3.147378	4104.286319
3.155767	4072.916941
3.155767	4072.916941
3.155852	4072.906006
3.155852	4072.906006
3.155938	4072.893372
3.155938	4072.893372
3.156023	4072.882439
3.156023	4072.882439
3.156108	4072.871507
3.156108	4072.871507
3.156194	4072.858875
3.156194	4072.858875
3.156279	4072.847945
3.156279	4072.847945
3.156364	4072.837015
3.156364	4072.837015
3.156449	4072.826086
3.156449	4072.826086
3.156535	4072.813458
3.156535	4072.813458
3.156620	4072.802530
3.156620	4072.802530
3.156705	4072.791603
3.156705	4072.791603
3.156791	4072.778978
3.156791	4072.778978
3.156876	4072.768053
3.156876	4072.768053
3.156961	4072.757129
3.156961	4072.757129
3.157046	4072.746205
3.157046	4072.746205
3.157132	4072.733583
3.157132	4072.733583
3.157217	4072.722661
3.157217	4072.722661
3.157302	4072.711740
3.157302	4072.711740
3.157388	4072.699121
3.157388	4072.699121
3.165767	4072.699121
3.165767	4072.699121
3.165852	4072.699121
3.165852	4072.699121
3.165938	4072.699121
3.165938	4072.699121
3.166023	4072.699121
3.166023	4072.699121
3.166108	4072.699121
3.166108	4072.699121
3.166194	4072.699121
3.166194	4072.699121
3.166279	4072.699121
3.166279	4072.699121
3.166364	4072.699121
3.166364	4072.699121
3.166449	4072.699121
3.166449	4072.699121
3.166535	4072.699121
3.166535	4072.699121
3.166620	4072.699121
3.166620	4072.699121
3.166705	4072.699121
3.166705	4072.699121
3.166791	4072.699121
3.166791	4072.699121
3.166876	4072.699121
3.166876	4072.699121
3.166961	4072.699121
3.166961	4072.699121
3.167046	4072.699121
3.167046	4072.699121
3.167132	4072.699121
3.167132	4072.699121
3.167217	4072.699121
3.167217	4072.699121
3.167302	4072.699121
3.167302	4072.699121
3.167388	4072.699121
3.167388	4072.699121
3.175856	4045.009305
3.175856	4045.009305
3.175941	4048.310782
3.175941	4048.310782
3.176026	4051.612027
3.176026	4051.612027
3.176111	4054.913040
3.176111	4054.913040
3.176197	4058.212141
3.176197	4058.212141
3.176282	4061.512688
3.176282	4061.512688
3.176367	4064.813002
3.176367	4064.813002
3.176452	4068.113085
3.176452	4068.113085
3.176538	4071.411250
3.176538	4071.411250
3.176623	4074.710867
3.176623	4074.710867
3.176708	4078.010252
3.176708	4078.010252
3.176794	4081.307716
3.176794	4081.307716
3.176879	4084.606635
3.176879	4084.606635
3.176964	4087.905323
3.176964	4087.905323
3.177049	4091.203778
3.177049	4091.203778
3.177135	4094.500307
3.177135	4094.500307
3.177220	4097.798297
3.177220	4097.798297
3.177305	4101.096055
3.177305	4101.096055
3.177391	4104.391884
3.177391	4104.391884
3.177476	4107.689177
3.177476	4107.689177
3.185856	4107.689177
3.185856	4107.689177
3.185941	4107.689177
3.185941	4107.689177
3.186026	4107.689177
3.186026	4107.689177
3.186111	4107.689177
3.186111	4107.689177
3.186197	4107.689177
3.186197	4107.689177
3.186282	4107.689177
3.186282	4107.689177
3.186367	4107.689177
3.186367	4107.689177
3.186452	4107.689177
3.186452	4107.689177
3.186538	4107.689177
3.186538	4107.689177
3.186623	4107.689177
3.186623	4107.689177
3.186708	4107.689177
3.186708	4107.689177
3.186794	4107.689177
3.186794	4107.689177
3.186879	4107.689177
3.186879	4107.689177
3.186964	4107.689177
3.186964	4107.689177
3.187049	4107.689177
3.187049	4107.689177
3.187135	4107.689177
3.187135	4107.689177
3.187220	4107.689177
3.187220	4107.689177
3.187305	4107.689177
3.187305	4107.689177
3.187391	4107.689177
3.187391	4107.689177
3.187476	4107.689177
3.187476	4107.689177
3.195865	4076.810496
3.195865	4076.810496
3.195950	4076.799606
3.195950	4076.799606
3.196035	4076.788716
3.196035	4076.788716
3.196120	4076.777827
3.196120	4076.777827
3.196206	4076.765265
3.196206	4076.765265
3.196291	4076.754378
3.196291	4076.754378
3.196376	4076.743491
3.196376	4076.743491
3.196462	4076.730932
3.196462	4076.730932
3.196547	4076.720047
3.196547	4076.720047
3.196632	4076.709162
3.196632	4076.709162
3.196717	4076.698279
3.196717	4076.698279
3.196803	4076.685723
3.196803	4076.685723
3.196888	4076.674841
3.196888	4076.674841
3.196973	4076.663960
3.196973	4076.663960
3.197059	4076.651406
3.197059	4076.651406
3.197144	4076.640527
3.197144	4076.640527
3.197229	4076.629648
3.197229	4076.629648
3.197314	4076.618770
3.197314	4076.618770
3.197400	4076.606220
3.197400	4076.606220
3.197485	4076.595343
3.197485	4076.595343
3.205865	4076.595343
3.205865	4076.595343
3.205950	4076.595343
3.205950	4076.595343
3.206035	4076.595343
3.206035	4076.595343
3.206120	4076.595343
3.206120	4076.595343
3.206206	4076.595343
3.206206	4076.595343
3.206291	4076.595343
3.206291	4076.595343
3.206376	4076.595343
3.206376	4076.595343
3.206462	4076.595343
3.206462	4076.595343
3.206547	4076.595343
3.206547	4076.595343
3.206632	4076.595343
3.206632	4076.595343
3.206717	4076.595343
3.206717	4076.595343
3.206803	4076.595343
3.206803	4076.595343
3.206888	4076.595343
3.206888	4076.595343
3.206973	4076.595343
3.206973	4076.595343
3.207059	4076.595343
3.207059	4076.595343
3.207144	4076.595343
3.207144	4076.595343
3.207229	4076.595343
3.207229	4076.595343
3.207314	4076.595343
3.207314	4076.595343
3.207400	4076.595343
3.207400	4076.595343
3.207485	4076.595343
3.207485	4076.595343
3.215953	4049.328306
3.215953	4049.328306
3.216038	4052.575734
3.216038	4052.575734
3.216124	4055.821286
3.216124	4055.821286
3.216209	4059.068263
3.216209	4059.068263
3.216294	4062.315016
3.216294	4062.315016
3.216379	4065.561544
3.216379	4065.561544
3.216465	4068.806191
3.216465	4068.806191
3.216550	4072.052268
3.216550	4072.052268
3.216635	4075.298121
3.216635	4075.298121
3.216720	4078.543749
3.216720	4078.543749
3.216806	4081.787492
3.216806	4081.787492
3.216891	4085.032669
3.216891	4085.032669
3.216976	4088.277623
3.216976	4088.277623
3.217062	4091.520686
3.217062	4091.520686
3.217147	4094.765189
3.217147	4094.765189
3.217232	4098.009468
3.217232	4098.009468
3.217317	4101.253522
3.217317	4101.253522
3.217403	4104.495681
3.217403	4104.495681
3.217488	4107.739285
3.217488	4107.739285
3.217573	4110.982665
3.217573	4110.982665
3.225953	4110.982665
3.225953	4110.982665
3.226038	4110.982665
3.226038	4110.982665
3.226124	4110.982665
3.226124	4110.982665
3.226209	4110.982665
3.226209	4110.982665
3.226294	4110.982665
3.226294	4110.982665
3.226379	4110.982665
3.226379	4110.982665
3.226465	4110.982665
3.226465	4110.982665
3.226550	4110.982665
3.226550	4110.982665
3.226635	4110.982665
3.226635	4110.982665
3.226720	4110.982665
3.226720	4110.982665
3.226806	4110.982665
3.226806	4110.982665
3.226891	4110.982665
3.226891	4110.982665
3.226976	4110.982665
3.226976	4110.982665
3.227062	4110.982665
3.227062	4110.982665
3.227147	4110.982665
3.227147	4110.982665
3.227232	4110.982665
3.227232	4110.982665
3.227317	4110.982665
3.227317	4110.982665
3.227403	4110.982665
3.227403	4110.982665
3.227488	4110.982665
3.227488	4110.982665
3.227573	4110.982665
3.227573	4110.982665
3.235962	4080.579589
3.235962	4080.579589
3.236047	4080.568745
3.236047	4080.568745
3.236133	4080.556254
3.236133	4080.556254
3.236218	4080.545412
3.236218	4080.545412
3.236303	4080.534571
3.236303	4080.534571
3.236388	4080.523731
3.236388	4080.523731
3.236474	4080.511243
3.236474	4080.511243
3.236559	4080.500404
3.236559	4080.500404
3.236644	4080.489566
3.236644	4080.489566
3.236730	4080.477081
3.236730	4080.477081
3.236815	4080.466244
3.236815	4080.466244
3.236900	4080.455408
3.236900	4080.455408
3.236985	4080.444573
3.236985	4080.444573
3.237071	4080.432091
3.237071	4080.432091
3.237156	4080.421257
3.237156	4080.421257
3.237241	4080.410424
3.237241	4080.410424
3.237327	4080.397945
3.237327	4080.397945
3.237412	4080.387114
3.237412	4080.387114
3.237497	4080.376283
3.237497	4080.376283
3.237582	4080.365453
3.237582	4080.365453
3.245962	4080.365453
3.245962	4080.365453
3.246047	4080.365453
3.246047	4080.365453
3.246133	4080.365453
3.246133	4080.365453
3.246218	4080.365453
3.246218	4080.365453
3.246303	4080.365453
3.246303	4080.365453
3.246388	4080.365453
3.246388	4080.365453
3.246474	4080.365453
3.246474	4080.365453
3.246559	4080.365453
3.246559	4080.365453
3.246644	4080.365453
3.246644	4080.365453
3.246730	4080.365453
3.246730	4080.365453
3.246815	4080.365453
3.246815	4080.365453
3.246900	4080.365453
3.246900	4080.365453
3.246985	4080.365453
3.246985	4080.365453
3.247071	4080.365453
3.247071	4080.365453
3.247156	4080.365453
3.247156	4080.365453
3.247241	4080.365453
3.247241	4080.365453
3.247327	4080.365453
3.247327	4080.365453
3.247412	4080.365453
3.247412	4080.365453
3.247497	4080.365453
3.247497	4080.365453
3.247582	4080.365453
3.247582	4080.365453
3.256050	4053.508543
3.256050	4053.508543
3.256136	4056.702039
3.256136	4056.702039
3.256221	4059.896940
3.256221	4059.896940
3.256306	4063.091624
3.256306	4063.091624
3.256392	4066.284462
3.256392	4066.284462
3.256477	4069.478709
3.256477	4069.478709
3.256562	4072.672740
3.256562	4072.672740
3.256647	4075.866552
3.256647	4075.866552
3.256733	4079.058514
3.256733	4079.058514
3.256818	4082.251890
3.256818	4082.251890
3.256903	4085.445049
3.256903	4085.445049
3.256988	4088.637991
3.256988	4088.637991
3.257074	4091.829077
3.257074	4091.829077
3.257159	4095.021583
3.257159	4095.021583
3.257244	4098.213871
3.257244	4098.213871
3.257330	4101.404300
3.257330	4101.404300
3.257415	4104.596152
3.257415	4104.596152
3.257500	4107.787788
3.257500	4107.787788
3.257585	4110.979206
3.257585	4110.979206
3.257671	4114.168760
3.257671	4114.168760
3.266050	4114.168760
3.266050	4114.168760
3.266136	4114.168760
3.266136	4114.168760
3.266221	4114.168760
3.266221	4114.168760
3.266306	4114.168760
3.266306	4114.168760
3.266392	4114.168760
3.266392	4114.168760
3.266477	4114.168760
3.266477	4114.168760
3.266562	4114.168760
3.266562	4114.168760
3.266647	4114.168760
3.266647	4114.168760
3.266733	4114.168760
3.266733	4114.168760
3.266818	4114.168760
3.266818	4114.168760
3.266903	4114.168760
3.266903	4114.168760
3.266988	4114.168760
3.266988	4114.168760
3.267074	4114.168760
3.267074	4114.168760
3.267159	4114.168760
3.267159	4114.168760
3.267244	4114.168760
3.267244	4114.168760
3.267330	4114.168760
3.267330	4114.168760
3.267415	4114.168760
3.267415	4114.168760
3.267500	4114.168760
3.267500	4114.168760
3.267585	4114.168760
3.267585	4114.168760
3.267671	4114.168760
3.267671	4114.168760
3.276060	4084.226926
3.276060	4084.226926
3.276145	4084.216132
3.276145	4084.216132
3.276230	4084.205339
3.276230	4084.205339
3.276315	4084.194546
3.276315	4084.194546
3.276401	4084.182132
3.276401	4084.182132
3.276486	4084.171341
3.276486	4084.171341
3.276571	4084.160550
3.276571	4084.160550
3.276656	4084.149761
3.276656	4084.149761
3.276742	4084.137349
3.276742	4084.137349
3.276827	4084.126561
3.276827	4084.126561
3.276912	4084.115774
3.276912	4084.115774
3.276998	4084.103364
3.276998	4084.103364
3.277083	4084.092579
3.277083	4084.092579
3.277168	4084.081794
3.277168	4084.081794
3.277253	4084.071009
3.277253	4084.071009
3.277339	4084.058603
3.277339	4084.058603
3.277424	4084.047820
3.277424	4084.047820
3.277509	4084.037038
3.277509	4084.037038
3.277595	4084.024635
3.277595	4084.024635
3.277680	4084.013854
3.277680	4084.013854
3.286060	4084.013854
3.286060	4084.013854
3.286145	4084.013854
3.286145	4084.013854
3.286230	4084.013854
3.286230	4084.013854
3.286315	4084.013854
3.286315	4084.013854
3.286401	4084.013854
3.286401	4084.013854
3.286486	4084.013854
3.286486	4084.013854
3.286571	4084.013854
3.286571	4084.013854
3.286656	4084.013854
3.286656	4084.013854
3.286742	4084.013854
3.286742	4084.013854
3.286827	4084.013854
3.286827	4084.013854
3.286912	4084.013854
3.286912	4084.013854
3.286998	4084.013854
3.286998	4084.013854
3.287083	4084.013854
3.287083	4084.013854
3.287168	4084.013854
3.287168	4084.013854
3.287253	4084.013854
3.287253	4084.013854
3.287339	4084.013854
3.287339	4084.013854
3.287424	4084.013854
3.287424	4084.013854
3.287509	4084.013854
3.287509	4084.013854
3.287595	4084.013854
3.287595	4084.013854
3.287680	4084.013854
3.287680	4084.013854
3.296148	4057.555001
3.296148	4057.555001
3.296233	4060.699470
3.296233	4060.699470
3.296318	4063.843729
3.296318	4063.843729
3.296404	4066.986174
3.296404	4066.986174
3.296489	4070.130010
3.296489	4070.130010
3.296574	4073.273636
3.296574	4073.273636
3.296660	4076.415444
3.296660	4076.415444
3.296745	4079.558647
3.296745	4079.558647
3.296830	4082.701639
3.296830	4082.701639
3.296915	4085.844421
3.296915	4085.844421
3.297001	4088.985381
3.297001	4088.985381
3.297086	4092.127740
3.297086	4092.127740
3.297171	4095.269889
3.297171	4095.269889
3.297256	4098.411828
3.297256	4098.411828
3.297342	4101.551939
3.297342	4101.551939
3.297427	4104.693455
3.297427	4104.693455
3.297512	4107.834761
3.297512	4107.834761
3.297598	4110.974236
3.297598	4110.974236
3.297683	4114.115120
3.297683	4114.115120
3.297768	4117.255793
3.297768	4117.255793
3.306148	4117.255793
3.306148	4117.255793
3.306233	4117.255793
3.306233	4117.255793
3.306318	4117.255793
3.306318	4117.255793
3.306404	4117.255793
3.306404	4117.255793
3.306489	4117.255793
3.306489	4117.255793
3.306574	4117.255793
3.306574	4117.255793
3.306660	4117.255793
3.306660	4117.255793
3.306745	4117.255793
3.306745	4117.255793
3.306830	4117.255793
3.306830	4117.255793
3.306915	4117.255793
3.306915	4117.255793
3.307001	4117.255793
3.307001	4117.255793
3.307086	4117.255793
3.307086	4117.255793
3.307171	4117.255793
3.307171	4117.255793
3.307256	4117.255793
3.307256	4117.255793
3.307342	4117.255793
3.307342	4117.255793
3.307427	4117.255793
3.307427	4117.255793
3.307512	4117.255793
3.307512	4117.255793
3.307598	4117.255793
3.307598	4117.255793
3.307683	4117.255793
3.307683	4117.255793
3.307768	4117.255793
3.307768	4117.255793
3.316157	4087.761432
3.316157	4087.761432
3.316242	4087.750690
3.316242	4087.750690
3.316328	4087.738350
3.316328	4087.738350
3.316413	4087.727609
3.316413	4087.727609
3.316498	4087.716869
3.316498	4087.716869
3.316583	4087.706130
3.316583	4087.706130
3.316669	4087.693792
3.316669	4087.693792
3.316754	4087.683054
3.316754	4087.683054
3.316839	4087.672317
3.316839	4087.672317
3.316924	4087.661581
3.316924	4087.661581
3.317010	4087.649247
3.317010	4087.649247
3.317095	4087.638512
3.317095	4087.638512
3.317180	4087.627777
3.317180	4087.627777
3.317266	4087.615446
3.317266	4087.615446
3.317351	4087.604713
3.317351	4087.604713
3.317436	4087.593981
3.317436	4087.593981
3.317521	4087.583250
3.317521	4087.583250
3.317607	4087.570921
3.317607	4087.570921
3.317692	4087.560191
3.317692	4087.560191
3.317777	4087.549462
3.317777	4087.549462
3.326157	4087.549462
3.326157	4087.549462
3.326242	4087.549462
3.326242	4087.549462
3.326328	4087.549462
3.326328	4087.549462
3.326413	4087.549462
3.326413	4087.549462
3.326498	4087.549462
3.326498	4087.549462
3.326583	4087.549462
3.326583	4087.549462
3.326669	4087.549462
3.326669	4087.549462
3.326754	4087.549462
3.326754	4087.549462
3.326839	4087.549462
3.326839	4087.549462
3.326924	4087.549462
3.326924	4087.549462
3.327010	4087.549462
3.327010	4087.549462
3.327095	4087.549462
3.327095	4087.549462
3.327180	4087.549462
3.327180	4087.549462
3.327266	4087.549462
3.327266	4087.549462
3.327351	4087.549462
3.327351	4087.549462
3.327436	4087.549462
3.327436	4087.549462
3.327521	4087.549462
3.327521	4087.549462
3.327607	4087.549462
3.327607	4087.549462
3.327692	4087.549462
3.327692	4087.549462
3.327777	4087.549462
3.327777	4087.549462
3.336245	4061.477072
3.336245	4061.477072
3.336331	4064.570896
3.336331	4064.570896
3.336416	4067.666091
3.336416	4067.666091
3.336501	4070.761083
3.336501	4070.761083
3.336586	4073.855870
3.336586	4073.855870
3.336672	4076.948870
3.336672	4076.948870
3.336757	4080.043248
3.336757	4080.043248
3.336842	4083.137422
3.336842	4083.137422
3.336928	4086.229805
3.336928	4086.229805
3.337013	4089.323570
3.337013	4089.323570
3.337098	4092.417130
3.337098	4092.417130
3.337183	4095.510486
3.337183	4095.510486
3.337269	4098.602047
3.337269	4098.602047
3.337354	4101.694994
3.337354	4101.694994
3.337439	4104.787737
3.337439	4104.787737
3.337524	4107.880276
3.337524	4107.880276
3.337610	4110.971016
3.337610	4110.971016
3.337695	4114.063146
3.337695	4114.063146
3.337780	4117.155071
3.337780	4117.155071
3.337866	4120.245195
3.337866	4120.245195
3.346245	4120.245195
3.346245	4120.245195
3.346331	4120.245195
3.346331	4120.245195
3.346416	4120.245195
3.346416	4120.245195
3.346501	4120.245195
3.346501	4120.245195
3.346586	4120.245195
3.346586	4120.245195
3.346672	4120.245195
3.346672	4120.245195
3.346757	4120.245195
3.346757	4120.245195
3.346842	4120.245195
3.346842	4120.245195
3.346928	4120.245195
3.346928	4120.245195
3.347013	4120.245195
3.347013	4120.245195
3.347098	4120.245195
3.347098	4120.245195
3.347183	4120.245195
3.347183	4120.245195
3.347269	4120.245195
3.347269	4120.245195
3.347354	4120.245195
3.347354	4120.245195
3.347439	4120.245195
3.347439	4120.245195
3.347524	4120.245195
3.347524	4120.245195
3.347610	4120.245195
3.347610	4120.245195
3.347695	4120.245195
3.347695	4120.245195
3.347780	4120.245195
3.347780	4120.245195
3.347866	4120.245195
3.347866	4120.245195
3.356254	4091.186764
3.356254	4091.186764
3.356340	4091.174499
3.356340	4091.174499
3.356425	4091.163812
3.356425	4091.163812
3.356510	4091.153125
3.356510	4091.153125
3.356596	4091.140863
3.356596	4091.140863
3.356681	4091.130177
3.356681	4091.130177
3.356766	4091.119492
3.356766	4091.119492
3.356851	4091.108808
3.356851	4091.108808
3.356937	4091.096550
3.356937	4091.096550
3.357022	4091.085867
3.357022	4091.085867
3.357107	4091.075185
3.357107	4091.075185
3.357192	4091.064504
3.357192	4091.064504
3.357278	4091.052248
3.357278	4091.052248
3.357363	4091.041568
3.357363	4091.041568
3.357448	4091.030889
3.357448	4091.030889
3.357534	4091.018635
3.357534	4091.018635
3.357619	4091.007958
3.357619	4091.007958
3.357704	4090.997281
3.357704	4090.997281
3.357789	4090.986604
3.357789	4090.986604
3.357875	4090.974354
3.357875	4090.974354
3.366254	4090.974354
3.366254	4090.974354
3.366340	4090.974354
3.366340	4090.974354
3.366425	4090.974354
3.366425	4090.974354
3.366510	4090.974354
3.366510	4090.974354
3.366596	4090.974354
3.366596	4090.974354
3.366681	4090.974354
3.366681	4090.974354
3.366766	4090.974354
3.366766	4090.974354
3.366851	4090.974354
3.366851	4090.974354
3.366937	4090.974354
3.366937	4090.974354
3.367022	4090.974354
3.367022	4090.974354
3.367107	4090.974354
3.367107	4090.974354
3.367192	4090.974354
3.367192	4090.974354
3.367278	4090.974354
3.367278	4090.974354
3.367363	4090.974354
3.367363	4090.974354
3.367448	4090.974354
3.367448	4090.974354
3.367534	4090.974354
3.367534	4090.974354
3.367619	4090.974354
3.367619	4090.974354
3.367704	4090.974354
3.367704	4090.974354
3.367789	4090.974354
3.367789	4090.974354
3.367875	4090.974354
3.367875	4090.974354
3.376343	4065.277374
3.376343	4065.277374
3.376428	4068.325213
3.376428	4068.325213
3.376513	4071.372854
3.376513	4071.372854
3.376599	4074.418740
3.376599	4074.418740
3.376684	4077.465984
3.376684	4077.465984
3.376769	4080.513030
3.376769	4080.513030
3.376854	4083.559878
3.376854	4083.559878
3.376940	4086.604966
3.376940	4086.604966
3.377025	4089.651417
3.377025	4089.651417
3.377110	4092.697670
3.377110	4092.697670
3.377196	4095.742161
3.377196	4095.742161
3.377281	4098.788017
3.377281	4098.788017
3.377366	4101.833676
3.377366	4101.833676
3.377451	4104.879136
3.377451	4104.879136
3.377537	4107.922830
3.377537	4107.922830
3.377622	4110.967894
3.377622	4110.967894
3.377707	4114.012760
3.377707	4114.012760
3.377792	4117.057429
3.377792	4117.057429
3.377878	4120.100326
3.377878	4120.100326
3.377963	4123.144598
3.377963	4123.144598
3.386343	4123.144598
3.386343	4123.144598
3.386428	4123.144598
3.386428	4123.144598
3.386513	4123.144598
3.386513	4123.144598
3.386599	4123.144598
3.386599	4123.144598
3.386684	4123.144598
3.386684	4123.144598
3.386769	4123.144598
3.386769	4123.144598
3.386854	4123.144598
3.386854	4123.144598
3.386940	4123.144598
3.386940	4123.144598
3.387025	4123.144598
3.387025	4123.144598
3.387110	4123.144598
3.387110	4123.144598
3.387196	4123.144598
3.387196	4123.144598
3.387281	4123.144598
3.387281	4123.144598
3.387366	4123.144598
3.387366	4123.144598
3.387451	4123.144598
3.387451	4123.144598
3.387537	4123.144598
3.387537	4123.144598
3.387622	4123.144598
3.387622	4123.144598
3.387707	4123.144598
3.387707	4123.144598
3.387792	4123.144598
3.387792	4123.144598
3.387878	4123.144598
3.387878	4123.144598
3.387963	4123.144598
3.387963	4123.144598
3.396352	4094.506348
3.396352	4094.506348
3.396437	4094.495715
3.396437	4094.495715
3.396522	4094.485083
3.396522	4094.485083
3.396608	4094.472899
3.396608	4094.472899
3.396693	4094.462268
3.396693	4094.462268
3.396778	4094.451638
3.396778	4094.451638
3.396864	4094.439455
3.396864	4094.439455
3.396949	4094.428827
3.396949	4094.428827
3.397034	4094.418199
3.397034	4094.418199
3.397119	4094.407571
3.397119	4094.407571
3.397205	4094.395392
3.397205	4094.395392
3.397290	4094.384766
3.397290	4094.384766
3.397375	4094.374141
3.397375	4094.374141
3.397460	4094.363516
3.397460	4094.363516
3.397546	4094.351340
3.397546	4094.351340
3.397631	4094.340717
3.397631	4094.340717
3.397716	4094.330095
3.397716	4094.330095
3.397802	4094.317921
3.397802	4094.317921
3.397887	4094.307300
3.397887	4094.307300
3.397972	4094.296679
3.397972	4094.296679
3.406352	4094.296679
3.406352	4094.296679
3.406437	4094.296679
3.406437	4094.296679
3.406522	4094.296679
3.406522	4094.296679
3.406608	4094.296679
3.406608	4094.296679
3.406693	4094.296679
3.406693	4094.296679
3.406778	4094.296679
3.406778	4094.296679
3.406864	4094.296679
3.406864	4094.296679
3.406949	4094.296679
3.406949	4094.296679
3.407034	4094.296679
3.407034	4094.296679
3.407119	4094.296679
3.407119	4094.296679
3.407205	4094.296679
3.407205	4094.296679
3.407290	4094.296679
3.407290	4094.296679
3.407375	4094.296679
3.407375	4094.296679
3.407460	4094.296679
3.407460	4094.296679
3.407546	4094.296679
3.407546	4094.296679
3.407631	4094.296679
3.407631	4094.296679
3.407716	4094.296679
3.407716	4094.296679
3.407802	4094.296679
3.407802	4094.296679
3.407887	4094.296679
3.407887	4094.296679
3.407972	4094.296679
3.407972	4094.296679
3.416440	4068.964479
3.416440	4068.964479
3.416525	4071.966196
3.416525	4071.966196
3.416611	4074.966188
3.416611	4074.966188
3.416696	4077.967521
3.416696	4077.967521
3.416781	4080.968661
3.416781	4080.968661
3.416867	4083.968072
3.416867	4083.968072
3.416952	4086.968827
3.416952	4086.968827
3.417037	4089.969391
3.417037	4089.969391
3.417122	4092.969762
3.417122	4092.969762
3.417208	4095.968400
3.417208	4095.968400
3.417293	4098.968386
3.417293	4098.968386
3.417378	4101.968181
3.417378	4101.968181
3.417464	4104.966238
3.417464	4104.966238
3.417549	4107.965648
3.417549	4107.965648
3.417634	4110.964866
3.417634	4110.964866
3.417719	4113.963892
3.417719	4113.963892
3.417805	4116.961177
3.417805	4116.961177
3.417890	4119.959818
3.417890	4119.959818
3.417975	4122.958267
3.417975	4122.958267
3.418060	4125.956525
3.418060	4125.956525
3.426440	4125.956525
3.426440	4125.956525
3.426525	4125.956525
3.426525	4125.956525
3.426611	4125.956525
3.426611	4125.956525
3.426696	4125.956525
3.426696	4125.956525
3.426781	4125.956525
3.426781	4125.956525
3.426867	4125.956525
3.426867	4125.956525
3.426952	4125.956525
3.426952	4125.956525
3.427037	4125.956525
3.427037	4125.956525
3.427122	4125.956525
3.427122	4125.956525
3.427208	4125.956525
3.427208	4125.956525
3.427293	4125.956525
3.427293	4125.956525
3.427378	4125.956525
3.427378	4125.956525
3.427464	4125.956525
3.427464	4125.956525
3.427549	4125.956525
3.427549	4125.956525
3.427634	4125.956525
3.427634	4125.956525
3.427719	4125.956525
3.427719	4125.956525
3.427805	4125.956525
3.427805	4125.956525
3.427890	4125.956525
3.427890	4125.956525
3.427975	4125.956525
3.427975	4125.956525
3.428060	4125.956525
3.428060	4125.956525
3.436449	4097.727997
3.436449	4097.727997
3.436535	4097.715890
3.436535	4097.715890
3.436620	4097.705315
3.436620	4097.705315
3.436705	4097.694740
3.436705	4097.694740
3.436790	4097.684166
3.436790	4097.684166
3.436876	4097.672063
3.436876	4097.672063
3.436961	4097.661490
3.436961	4097.661490
3.437046	4097.650918
3.437046	4097.650918
3.437132	4097.638816
3.437132	4097.638816
3.437217	4097.628246
3.437217	4097.628246
3.437302	4097.617676
3.437302	4097.617676
3.437387	4097.607107
3.437387	4097.607107
3.437473	4097.595008
3.437473	4097.595008
3.437558	4097.584441
3.437558	4097.584441
3.437643	4097.573874
3.437643	4097.573874
3.437728	4097.563307
3.437728	4097.563307
3.437814	4097.551212
3.437814	4097.551212
3.437899	4097.540647
3.437899	4097.540647
3.437984	4097.530082
3.437984	4097.530082
3.438070	4097.517989
3.438070	4097.517989
3.446449	4097.517989
3.446449	4097.517989
3.446535	4097.517989
3.446535	4097.517989
3.446620	4097.517989
3.446620	4097.517989
3.446705	4097.517989
3.446705	4097.517989
3.446790	4097.517989
3.446790	4097.517989
3.446876	4097.517989
3.446876	4097.517989
3.446961	4097.517989
3.446961	4097.517989
3.447046	4097.517989
3.447046	4097.517989
3.447132	4097.517989
3.447132	4097.517989
3.447217	4097.517989
3.447217	4097.517989
3.447302	4097.517989
3.447302	4097.517989
3.447387	4097.517989
3.447387	4097.517989
3.447473	4097.517989
3.447473	4097.517989
3.447558	4097.517989
3.447558	4097.517989
3.447643	4097.517989
3.447643	4097.517989
3.447728	4097.517989
3.447728	4097.517989
3.447814	4097.517989
3.447814	4097.517989
3.447899	4097.517989
3.447899	4097.517989
3.447984	4097.517989
3.447984	4097.517989
3.448070	4097.517989
3.448070	4097.517989
3.456538	4072.540420
3.456538	4072.540420
3.456623	4075.497391
3.456623	4075.497391
3.456708	4078.454174
3.456708	4078.454174
3.456793	4081.410772
3.456793	4081.410772
3.456879	4084.365669
3.456879	4084.365669
3.456964	4087.321892
3.456964	4087.321892
3.457049	4090.277930
3.457049	4090.277930
3.457135	4093.232263
3.457135	4093.232263
3.457220	4096.187927
3.457220	4096.187927
3.457305	4099.143404
3.457305	4099.143404
3.457390	4102.098695
3.457390	4102.098695
3.457476	4105.052279
3.457476	4105.052279
3.457561	4108.007196
3.457561	4108.007196
3.457646	4110.961928
3.457646	4110.961928
3.457732	4113.914948
3.457732	4113.914948
3.457817	4116.869306
3.457817	4116.869306
3.457902	4119.823478
3.457902	4119.823478
3.457987	4122.777463
3.457987	4122.777463
3.458073	4125.729734
3.458073	4125.729734
3.458158	4128.683346
3.458158	4128.683346
3.466538	4128.683346
3.466538	4128.683346
3.466623	4128.683346
3.466623	4128.683346
3.466708	4128.683346
3.466708	4128.683346
3.466793	4128.683346
3.466793	4128.683346
3.466879	4128.683346
3.466879	4128.683346
3.466964	4128.683346
3.466964	4128.683346
3.467049	4128.683346
3.467049	4128.683346
3.467135	4128.683346
3.467135	4128.683346
3.467220	4128.683346
3.467220	4128.683346
3.467305	4128.683346
3.467305	4128.683346
3.467390	4128.683346
3.467390	4128.683346
3.467476	4128.683346
3.467476	4128.683346
3.467561	4128.683346
3.467561	4128.683346
3.467646	4128.683346
3.467646	4128.683346
3.467732	4128.683346
3.467732	4128.683346
3.467817	4128.683346
3.467817	4128.683346
3.467902	4128.683346
3.467902	4128.683346
3.467987	4128.683346
3.467987	4128.683346
3.468073	4128.683346
3.468073	4128.683346
3.468158	4128.683346
3.468158	4128.683346
3.476547	4100.853031
3.476547	4100.853031
3.476632	4100.842514
3.476632	4100.842514
3.476717	4100.831997
3.476717	4100.831997
3.476803	4100.819971
3.476803	4100.819971
3.476888	4100.809456
3.476888	4100.809456
3.476973	4100.798941
3.476973	4100.798941
3.477058	4100.788426
3.477058	4100.788426
3.477144	4100.776403
3.477144	4100.776403
3.477229	4100.765891
3.477229	4100.765891
3.477314	4100.755378
3.477314	4100.755378
3.477400	4100.743358
3.477400	4100.743358
3.477485	4100.732847
3.477485	4100.732847
3.477570	4100.722336
3.477570	4100.722336
3.477655	4100.711827
3.477655	4100.711827
3.477741	4100.699809
3.477741	4100.699809
3.477826	4100.689301
3.477826	4100.689301
3.477911	4100.678793
3.477911	4100.678793
3.477996	4100.668286
3.477996	4100.668286
3.478082	4100.656272
3.478082	4100.656272
3.478167	4100.645766
3.478167	4100.645766
3.486547	4100.645766
3.486547	4100.645766
3.486632	4100.645766
3.486632	4100.645766
3.486717	4100.645766
3.486717	4100.645766
3.486803	4100.645766
3.486803	4100.645766
3.486888	4100.645766
3.486888	4100.645766
3.486973	4100.645766
3.486973	4100.645766
3.487058	4100.645766
3.487058	4100.645766
3.487144	4100.645766
3.487144	4100.645766
3.487229	4100.645766
3.487229	4100.645766
3.487314	4100.645766
3.487314	4100.645766
3.487400	4100.645766
3.487400	4100.645766
3.487485	4100.645766
3.487485	4100.645766
3.487570	4100.645766
3.487570	4100.645766
3.487655	4100.645766
3.487655	4100.645766
3.487741	4100.645766
3.487741	4100.645766
3.487826	4100.645766
3.487826	4100.645766
3.487911	4100.645766
3.487911	4100.645766
3.487996	4100.645766
3.487996	4100.645766
3.488082	4100.645766
3.488082	4100.645766
3.488167	4100.645766
3.488167	4100.645766
3.496635	4076.013060
3.496635	4076.013060
3.496720	4078.926598
3.496720	4078.926598
3.496806	4081.838464
3.496806	4081.838464
3.496891	4084.751640
3.496891	4084.751640
3.496976	4087.664634
3.496976	4087.664634
3.497061	4090.577448
3.497061	4090.577448
3.497147	4093.488585
3.497147	4093.488585
3.497232	4096.401036
3.497232	4096.401036
3.497317	4099.313306
3.497317	4099.313306
3.497403	4102.223896
3.497403	4102.223896
3.497488	4105.135803
3.497488	4105.135803
3.497573	4108.047530
3.497573	4108.047530
3.497658	4110.959075
3.497658	4110.959075
3.497744	4113.868937
3.497744	4113.868937
3.497829	4116.780120
3.497829	4116.780120
3.497914	4119.691123
3.497914	4119.691123
3.498000	4122.600438
3.498000	4122.600438
3.498085	4125.511078
3.498085	4125.511078
3.498170	4128.421537
3.498170	4128.421537
3.498255	4131.331815
3.498255	4131.331815
3.506635	4131.331815
3.506635	4131.331815
3.506720	4131.331815
3.506720	4131.331815
3.506806	4131.331815
3.506806	4131.331815
3.506891	4131.331815
3.506891	4131.331815
3.506976	4131.331815
3.506976	4131.331815
3.507061	4131.331815
3.507061	4131.331815
3.507147	4131.331815
3.507147	4131.331815
3.507232	4131.331815
3.507232	4131.331815
3.507317	4131.331815
3.507317	4131.331815
3.507403	4131.331815
3.507403	4131.331815
3.507488	4131.331815
3.507488	4131.331815
3.507573	4131.331815
3.507573	4131.331815
3.507658	4131.331815
3.507658	4131.331815
3.507744	4131.331815
3.507744	4131.331815
3.507829	4131.331815
3.507829	4131.331815
3.507914	4131.331815
3.507914	4131.331815
3.508000	4131.331815
3.508000	4131.331815
3.508085	4131.331815
3.508085	4131.331815
3.508170	4131.331815
3.508170	4131.331815
3.508255	4131.331815
3.508255	4131.331815
3.516644	4103.888641
3.516644	4103.888641
3.516729	4103.878183
3.516729	4103.878183
3.516815	4103.866237
3.516815	4103.866237
3.516900	4103.855780
3.516900	4103.855780
3.516985	4103.845324
3.516985	4103.845324
3.517071	4103.833380
3.517071	4103.833380
3.517156	4103.822925
3.517156	4103.822925
3.517241	4103.812471
3.517241	4103.812471
3.517326	4103.802017
3.517326	4103.802017
3.517412	4103.790076
3.517412	4103.790076
3.517497	4103.779623
3.517497	4103.779623
3.517582	4103.769172
3.517582	4103.769172
3.517668	4103.757233
3.517668	4103.757233
3.517753	4103.746782
3.517753	4103.746782
3.517838	4103.736333
3.517838	4103.736333
3.517923	4103.725884
3.517923	4103.725884
3.518009	4103.713947
3.518009	4103.713947
3.518094	4103.703500
3.518094	4103.703500
3.518179	4103.693053
3.518179	4103.693053
3.518264	4103.682606
3.518264	4103.682606
3.526644	4103.682606
3.526644	4103.682606
3.526729	4103.682606
3.526729	4103.682606
3.526815	4103.682606
3.526815	4103.682606
3.526900	4103.682606
3.526900	4103.682606
3.526985	4103.682606
3.526985	4103.682606
3.527071	4103.682606
3.527071	4103.682606
3.527156	4103.682606
3.527156	4103.682606
3.527241	4103.682606
3.527241	4103.682606
3.527326	4103.682606
3.527326	4103.682606
3.527412	4103.682606
3.527412	4103.682606
3.527497	4103.682606
3.527497	4103.682606
3.527582	4103.682606
3.527582	4103.682606
3.527668	4103.682606
3.527668	4103.682606
3.527753	4103.682606
3.527753	4103.682606
3.527838	4103.682606
3.527838	4103.682606
3.527923	4103.682606
3.527923	4103.682606
3.528009	4103.682606
3.528009	4103.682606
3.528094	4103.682606
3.528094	4103.682606
3.528179	4103.682606
3.528179	4103.682606
3.528264	4103.682606
3.528264	4103.682606
3.536732	4079.385407
3.536732	4079.385407
3.536818	4082.255301
3.536818	4082.255301
3.536903	4085.126488
3.536903	4085.126488
3.536988	4087.997499
3.536988	4087.997499
3.537074	4090.866862
3.537074	4090.866862
3.537159	4093.737521
3.537159	4093.737521
3.537244	4096.608004
3.537244	4096.608004
3.537329	4099.478312
3.537329	4099.478312
3.537415	4102.346967
3.537415	4102.346967
3.537500	4105.216922
3.537500	4105.216922
3.537585	4108.086701
3.537585	4108.086701
3.537671	4110.954825
3.537671	4110.954825
3.537756	4113.824252
3.537756	4113.824252
3.537841	4116.693504
3.537841	4116.693504
3.537926	4119.562580
3.537926	4119.562580
3.538012	4122.429997
3.538012	4122.429997
3.538097	4125.298721
3.538097	4125.298721
3.538182	4128.167269
3.538182	4128.167269
3.538268	4131.034155
3.538268	4131.034155
3.538353	4133.902352
3.538353	4133.902352
3.546732	4133.902352
3.546732	4133.902352
3.546818	4133.902352
3.546818	4133.902352
3.546903	4133.902352
3.546903	4133.902352
3.546988	4133.902352
3.546988	4133.902352
3.547074	4133.902352
3.547074	4133.902352
3.547159	4133.902352
3.547159	4133.902352
3.547244	4133.902352
3.547244	4133.902352
3.547329	4133.902352
3.547329	4133.902352
3.547415	4133.902352
3.547415	4133.902352
3.547500	4133.902352
3.547500	4133.902352
3.547585	4133.902352
3.547585	4133.902352
3.547671	4133.902352
3.547671	4133.902352
3.547756	4133.902352
3.547756	4133.902352
3.547841	4133.902352
3.547841	4133.902352
3.547926	4133.902352
3.547926	4133.902352
3.548012	4133.902352
3.548012	4133.902352
3.548097	4133.902352
3.548097	4133.902352
3.548182	4133.902352
3.548182	4133.902352
3.548268	4133.902352
3.548268	4133.902352
3.548353	4133.902352
3.548353	4133.902352
3.556742	4106.835740
3.556742	4106.835740
3.556827	4106.825342
3.556827	4106.825342
3.556912	4106.814944
3.556912	4106.814944
3.556997	4106.804548
3.556997	4106.804548
3.557083	4106.792684
3.557083	4106.792684
3.557168	4106.782288
3.557168	4106.782288
3.557253	4106.771894
3.557253	4106.771894
3.557339	4106.760032
3.557339	4106.760032
3.557424	4106.749638
3.557424	4106.749638
3.557509	4106.739246
3.557509	4106.739246
3.557594	4106.728853
3.557594	4106.728853
3.557680	4106.716994
3.557680	4106.716994
3.557765	4106.706603
3.557765	4106.706603
3.557850	4106.696213
3.557850	4106.696213
3.557936	4106.684356
3.557936	4106.684356
3.558021	4106.673967
3.558021	4106.673967
3.558106	4106.663579
3.558106	4106.663579
3.558191	4106.653191
3.558191	4106.653191
3.558277	4106.641337
3.558277	4106.641337
3.558362	4106.630951
3.558362	4106.630951
3.566742	4106.630951
3.566742	4106.630951
3.566827	4106.630951
3.566827	4106.630951
3.566912	4106.630951
3.566912	4106.630951
3.566997	4106.630951
3.566997	4106.630951
3.567083	4106.630951
3.567083	4106.630951
3.567168	4106.630951
3.567168	4106.630951
3.567253	4106.630951
3.567253	4106.630951
3.567339	4106.630951
3.567339	4106.630951
3.567424	4106.630951
3.567424	4106.630951
3.567509	4106.630951
3.567509	4106.630951
3.567594	4106.630951
3.567594	4106.630951
3.567680	4106.630951
3.567680	4106.630951
3.567765	4106.630951
3.567765	4106.630951
3.567850	4106.630951
3.567850	4106.630951
3.567936	4106.630951
3.567936	4106.630951
3.568021	4106.630951
3.568021	4106.630951
3.568106	4106.630951
3.568106	4106.630951
3.568191	4106.630951
3.568191	4106.630951
3.568277	4106.630951
3.568277	4106.630951
3.568362	4106.630951
3.568362	4106.630951
3.576830	4082.660295
3.576830	4082.660295
3.576915	4085.490688
3.576915	4085.490688
3.577000	4088.320909
3.577000	4088.320909
3.577086	4091.149507
3.577086	4091.149507
3.577171	4093.979386
3.577171	4093.979386
3.577256	4096.809094
3.577256	4096.809094
3.577342	4099.637176
3.577342	4099.637176
3.577427	4102.466541
3.577427	4102.466541
3.577512	4105.295736
3.577512	4105.295736
3.577597	4108.124760
3.577597	4108.124760
3.577683	4110.952155
3.577683	4110.952155
3.577768	4113.780836
3.577768	4113.780836
3.577853	4116.609348
3.577853	4116.609348
3.577939	4119.436226
3.577939	4119.436226
3.578024	4122.264395
3.578024	4122.264395
3.578109	4125.092394
3.578109	4125.092394
3.578194	4127.920221
3.578194	4127.920221
3.578280	4130.746413
3.578280	4130.746413
3.578365	4133.573898
3.578365	4133.573898
3.578450	4136.401213
3.578450	4136.401213
3.586830	4136.401213
3.586830	4136.401213
3.586915	4136.401213
3.586915	4136.401213
3.587000	4136.401213
3.587000	4136.401213
3.587086	4136.401213
3.587086	4136.401213
3.587171	4136.401213
3.587171	4136.401213
3.587256	4136.401213
3.587256	4136.401213
3.587342	4136.401213
3.587342	4136.401213
3.587427	4136.401213
3.587427	4136.401213
3.587512	4136.401213
3.587512	4136.401213
3.587597	4136.401213
3.587597	4136.401213
3.587683	4136.401213
3.587683	4136.401213
3.587768	4136.401213
3.587768	4136.401213
3.587853	4136.401213
3.587853	4136.401213
3.587939	4136.401213
3.587939	4136.401213
3.588024	4136.401213
3.588024	4136.401213
3.588109	4136.401213
3.588109	4136.401213
3.588194	4136.401213
3.588194	4136.401213
3.588280	4136.401213
3.588280	4136.401213
3.588365	4136.401213
3.588365	4136.401213
3.588450	4136.401213
3.588450	4136.401213
3.596839	4109.700974
3.596839	4109.700974
3.596924	4109.690637
3.596924	4109.690637
3.597010	4109.678852
3.597010	4109.678852
3.597095	4109.668517
3.597095	4109.668517
3.597180	4109.658182
3.597180	4109.658182
3.597265	4109.647847
3.597265	4109.647847
3.597351	4109.636065
3.597351	4109.636065
3.597436	4109.625733
3.597436	4109.625733
3.597521	4109.615400
3.597521	4109.615400
3.597607	4109.603620
3.597607	4109.603620
3.597692	4109.593289
3.597692	4109.593289
3.597777	4109.582959
3.597777	4109.582959
3.597862	4109.572629
3.597862	4109.572629
3.597948	4109.560852
3.597948	4109.560852
3.598033	4109.550523
3.598033	4109.550523
3.598118	4109.540195
3.598118	4109.540195
3.598204	4109.528420
3.598204	4109.528420
3.598289	4109.518093
3.598289	4109.518093
3.598374	4109.507767
3.598374	4109.507767
3.598459	4109.497442
3.598459	4109.497442
3.606839	4109.497442
3.606839	4109.497442
3.606924	4109.497442
3.606924	4109.497442
3.607010	4109.497442
3.607010	4109.497442
3.607095	4109.497442
3.607095	4109.497442
3.607180	4109.497442
3.607180	4109.497442
3.607265	4109.497442
3.607265	4109.497442
3.607351	4109.497442
3.607351	4109.497442
3.607436	4109.497442
3.607436	4109.497442
3.607521	4109.497442
3.607521	4109.497442
3.607607	4109.497442
3.607607	4109.497442
3.607692	4109.497442
3.607692	4109.497442
3.607777	4109.497442
3.607777	4109.497442
3.607862	4109.497442
3.607862	4109.497442
3.607948	4109.497442
3.607948	4109.497442
3.608033	4109.497442
3.608033	4109.497442
3.608118	4109.497442
3.608118	4109.497442
3.608204	4109.497442
3.608204	4109.497442
3.608289	4109.497442
3.608289	4109.497442
3.608374	4109.497442
3.608374	4109.497442
3.608459	4109.497442
3.608459	4109.497442
3.616927	4085.844686
3.616927	4085.844686
3.617013	4088.633828
3.617013	4088.633828
3.617098	4091.424235
3.617098	4091.424235
3.617183	4094.214476
3.617183	4094.214476
3.617268	4097.004551
3.617268	4097.004551
3.617354	4099.793025
3.617354	4099.793025
3.617439	4102.582767
3.617439	4102.582767
3.617524	4105.372343
3.617524	4105.372343
3.617610	4108.160316
3.617610	4108.160316
3.617695	4110.949559
3.617695	4110.949559
3.617780	4113.738636
3.617780	4113.738636
3.617865	4116.527548
3.617865	4116.527548
3.617951	4119.314852
3.617951	4119.314852
3.618036	4122.103430
3.618036	4122.103430
3.618121	4124.891843
3.618121	4124.891843
3.618207	4127.678646
3.618207	4127.678646
3.618292	4130.466726
3.618292	4130.466726
3.618377	4133.254641
3.618377	4133.254641
3.618462	4136.042389
3.618462	4136.042389
3.618548	4138.828524
3.618548	4138.828524
3.626927	4138.828524
3.626927	4138.828524
3.627013	4138.828524
3.627013	4138.828524
3.627098	4138.828524
3.627098	4138.828524
3.627183	4138.828524
3.627183	4138.828524
3.627268	4138.828524
3.627268	4138.828524
3.627354	4138.828524
3.627354	4138.828524
3.627439	4138.828524
3.627439	4138.828524
3.627524	4138.828524
3.627524	4138.828524
3.627610	4138.828524
3.627610	4138.828524
3.627695	4138.828524
3.627695	4138.828524
3.627780	4138.828524
3.627780	4138.828524
3.627865	4138.828524
3.627865	4138.828524
3.627951	4138.828524
3.627951	4138.828524
3.628036	4138.828524
3.628036	4138.828524
3.628121	4138.828524
3.628121	4138.828524
3.628207	4138.828524
3.628207	4138.828524
3.628292	4138.828524
3.628292	4138.828524
3.628377	4138.828524
3.628377	4138.828524
3.628462	4138.828524
3.628462	4138.828524
3.628548	4138.828524
3.628548	4138.828524
3.636936	4112.486340
3.636936	4112.486340
3.637022	4112.474635
3.637022	4112.474635
3.637107	4112.464361
3.637107	4112.464361
3.637192	4112.454087
3.637192	4112.454087
3.637278	4112.442385
3.637278	4112.442385
3.637363	4112.432112
3.637363	4112.432112
3.637448	4112.421840
3.637448	4112.421840
3.637533	4112.411569
3.637533	4112.411569
3.637619	4112.399869
3.637619	4112.399869
3.637704	4112.389599
3.637704	4112.389599
3.637789	4112.379330
3.637789	4112.379330
3.637875	4112.367632
3.637875	4112.367632
3.637960	4112.357364
3.637960	4112.357364
3.638045	4112.347097
3.638045	4112.347097
3.638130	4112.336830
3.638130	4112.336830
3.638216	4112.325135
3.638216	4112.325135
3.638301	4112.314869
3.638301	4112.314869
3.638386	4112.304604
3.638386	4112.304604
3.638472	4112.292911
3.638472	4112.292911
3.638557	4112.282647
3.638557	4112.282647
3.646936	4112.282647
3.646936	4112.282647
3.647022	4112.282647
3.647022	4112.282647
3.647107	4112.282647
3.647107	4112.282647
3.647192	4112.282647
3.647192	4112.282647
3.647278	4112.282647
3.647278	4112.282647
3.647363	4112.282647
3.647363	4112.282647
3.647448	4112.282647
3.647448	4112.282647
3.647533	4112.282647
3.647533	4112.282647
3.647619	4112.282647
3.647619	4112.282647
3.647704	4112.282647
3.647704	4112.282647
3.647789	4112.282647
3.647789	4112.282647
3.647875	4112.282647
3.647875	4112.282647
3.647960	4112.282647
3.647960	4112.282647
3.648045	4112.282647
3.648045	4112.282647
3.648130	4112.282647
3.648130	4112.282647
3.648216	4112.282647
3.648216	4112.282647
3.648301	4112.282647
3.648301	4112.282647
3.648386	4112.282647
3.648386	4112.282647
3.648472	4112.282647
3.648472	4112.282647
3.648557	4112.282647
3.648557	4112.282647
3.657025	4088.939516
3.657025	4088.939516
3.657110	4091.691375
3.657110	4091.691375
3.657195	4094.443073
3.657195	4094.443073
3.657281	4097.193196
3.657281	4097.193196
3.657366	4099.944570
3.657366	4099.944570
3.657451	4102.695783
3.657451	4102.695783
3.657536	4105.446835
3.657536	4105.446835
3.657622	4108.196307
3.657622	4108.196307
3.657707	4110.947035
3.657707	4110.947035
3.657792	4113.697601
3.657792	4113.697601
3.657878	4116.446586
3.657878	4116.446586
3.657963	4119.196829
3.657963	4119.196829
3.658048	4121.946910
3.658048	4121.946910
3.658133	4124.696831
3.658133	4124.696831
3.658219	4127.445165
3.658219	4127.445165
3.658304	4130.194762
3.658304	4130.194762
3.658389	4132.944198
3.658389	4132.944198
3.658475	4135.692045
3.658475	4135.692045
3.658560	4138.441157
3.658560	4138.441157
3.658645	4141.190108
3.658645	4141.190108
3.667025	4141.190108
3.667025	4141.190108
3.667110	4141.190108
3.667110	4141.190108
3.667195	4141.190108
3.667195	4141.190108
3.667281	4141.190108
3.667281	4141.190108
3.667366	4141.190108
3.667366	4141.190108
3.667451	4141.190108
3.667451	4141.190108
3.667536	4141.190108
3.667536	4141.190108
3.667622	4141.190108
3.667622	4141.190108
3.667707	4141.190108
3.667707	4141.190108
3.667792	4141.190108
3.667792	4141.190108
3.667878	4141.190108
3.667878	4141.190108
3.667963	4141.190108
3.667963	4141.190108
3.668048	4141.190108
3.668048	4141.190108
3.668133	4141.190108
3.668133	4141.190108
3.668219	4141.190108
3.668219	4141.190108
3.668304	4141.190108
3.668304	4141.190108
3.668389	4141.190108
3.668389	4141.190108
3.668475	4141.190108
3.668475	4141.190108
3.668560	4141.190108
3.668560	4141.190108
3.668645	4141.190108
3.668645	4141.190108
3.677034	4115.193721
3.677034	4115.193721
3.677119	4115.183508
3.677119	4115.183508
3.677204	4115.173296
3.677204	4115.173296
3.677290	4115.161674
3.677290	4115.161674
3.677375	4115.151463
3.677375	4115.151463
3.677460	4115.141253
3.677460	4115.141253
3.677546	4115.129633
3.677546	4115.129633
3.677631	4115.119424
3.677631	4115.119424
3.677716	4115.109216
3.677716	4115.109216
3.677801	4115.099008
3.677801	4115.099008
3.677887	4115.087390
3.677887	4115.087390
3.677972	4115.077184
3.677972	4115.077184
3.678057	4115.066978
3.678057	4115.066978
3.678143	4115.055362
3.678143	4115.055362
3.678228	4115.045158
3.678228	4115.045158
3.678313	4115.034953
3.678313	4115.034953
3.678398	4115.024750
3.678398	4115.024750
3.678484	4115.013137
3.678484	4115.013137
3.678569	4115.002935
3.678569	4115.002935
3.678654	4114.992733
3.678654	4114.992733
3.687034	4114.992733
3.687034	4114.992733
3.687119	4114.992733
3.687119	4114.992733
3.687204	4114.992733
3.687204	4114.992733
3.687290	4114.992733
3.687290	4114.992733
3.687375	4114.992733
3.687375	4114.992733
3.687460	4114.992733
3.687460	4114.992733
3.687546	4114.992733
3.687546	4114.992733
3.687631	4114.992733
3.687631	4114.992733
3.687716	4114.992733
3.687716	4114.992733
3.687801	4114.992733
3.687801	4114.992733
3.687887	4114.992733
3.687887	4114.992733
3.687972	4114.992733
3.687972	4114.992733
3.688057	4114.992733
3.688057	4114.992733
3.688143	4114.992733
3.688143	4114.992733
3.688228	4114.992733
3.688228	4114.992733
3.688313	4114.992733
3.688313	4114.992733
3.688398	4114.992733
3.688398	4114.992733
3.688484	4114.992733
3.688484	4114.992733
3.688569	4114.992733
3.688569	4114.992733
3.688654	4114.992733
3.688654	4114.992733
3.697122	4091.951237
3.697122	4091.951237
3.697208	4094.664048
3.697208	4094.664048
3.697293	4097.378096
3.697293	4097.378096
3.697378	4100.091987
3.697378	4100.091987
3.697463	4102.805720
3.697463	4102.805720
3.697549	4105.517899
3.697549	4105.517899
3.697634	4108.231318
3.697634	4108.231318
3.697719	4110.944580
3.697719	4110.944580
3.697804	4113.657684
3.697804	4113.657684
3.697890	4116.369231
3.697890	4116.369231
3.697975	4119.082021
3.697975	4119.082021
3.698060	4121.794654
3.698060	4121.794654
3.698146	4124.505726
3.698146	4124.505726
3.698231	4127.218044
3.698231	4127.218044
3.698316	4129.930205
3.698316	4129.930205
3.698401	4132.642209
3.698401	4132.642209
3.698487	4135.352649
3.698487	4135.352649
3.698572	4138.064339
3.698572	4138.064339
3.698657	4140.775871
3.698657	4140.775871
3.698743	4143.485837
3.698743	4143.485837
3.707122	4143.485837
3.707122	4143.485837
3.707208	4143.485837
3.707208	4143.485837
3.707293	4143.485837
3.707293	4143.485837
3.707378	4143.485837
3.707378	4143.485837
3.707463	4143.485837
3.707463	4143.485837
3.707549	4143.485837
3.707549	4143.485837
3.707634	4143.485837
3.707634	4143.485837
3.707719	4143.485837
3.707719	4143.485837
3.707804	4143.485837
3.707804	4143.485837
3.707890	4143.485837
3.707890	4143.485837
3.707975	4143.485837
3.707975	4143.485837
3.708060	4143.485837
3.708060	4143.485837
3.708146	4143.485837
3.708146	4143.485837
3.708231	4143.485837
3.708231	4143.485837
3.708316	4143.485837
3.708316	4143.485837
3.708401	4143.485837
3.708401	4143.485837
3.708487	4143.485837
3.708487	4143.485837
3.708572	4143.485837
3.708572	4143.485837
3.708657	4143.485837
3.708657	4143.485837
3.708743	4143.485837
3.708743	4143.485837
3.717131	4117.829071
3.717131	4117.829071
3.717217	4117.817529
3.717217	4117.817529
3.717302	4117.807380
3.717302	4117.807380
3.717387	4117.797231
3.717387	4117.797231
3.717472	4117.787083
3.717472	4117.787083
3.717558	4117.775543
3.717558	4117.775543
3.717643	4117.765396
3.717643	4117.765396
3.717728	4117.755250
3.717728	4117.755250
3.717814	4117.743712
3.717814	4117.743712
3.717899	4117.733567
3.717899	4117.733567
3.717984	4117.723422
3.717984	4117.723422
3.718069	4117.713278
3.718069	4117.713278
3.718155	4117.701743
3.718155	4117.701743
3.718240	4117.691600
3.718240	4117.691600
3.718325	4117.681458
3.718325	4117.681458
3.718411	4117.669925
3.718411	4117.669925
3.718496	4117.659784
3.718496	4117.659784
3.718581	4117.649644
3.718581	4117.649644
3.718666	4117.639504
3.718666	4117.639504
3.718752	4117.627973
3.718752	4117.627973
3.727131	4117.627973
3.727131	4117.627973
3.727217	4117.627973
3.727217	4117.627973
3.727302	4117.627973
3.727302	4117.627973
3.727387	4117.627973
3.727387	4117.627973
3.727472	4117.627973
3.727472	4117.627973
3.727558	4117.627973
3.727558	4117.627973
3.727643	4117.627973
3.727643	4117.627973
3.727728	4117.627973
3.727728	4117.627973
3.727814	4117.627973
3.727814	4117.627973
3.727899	4117.627973
3.727899	4117.627973
3.727984	4117.627973
3.727984	4117.627973
3.728069	4117.627973
3.728069	4117.627973
3.728155	4117.627973
3.728155	4117.627973
3.728240	4117.627973
3.728240	4117.627973
3.728325	4117.627973
3.728325	4117.627973
3.728411	4117.627973
3.728411	4117.627973
3.728496	4117.627973
3.728496	4117.627973
3.728581	4117.627973
3.728581	4117.627973
3.728666	4117.627973
3.728666	4117.627973
3.728752	4117.627973
3.728752	4117.627973
3.737220	4094.880459
3.737220	4094.880459
3.737305	4097.558026
3.737305	4097.558026
3.737390	4100.235441
3.737390	4100.235441
3.737476	4102.911325
3.737476	4102.911325
3.737561	4105.588433
3.737561	4105.588433
3.737646	4108.265388
3.737646	4108.265388
3.737731	4110.942191
3.737731	4110.942191
3.737817	4113.617459
3.737817	4113.617459
3.737902	4116.293955
3.737902	4116.293955
3.737987	4118.970298
3.737987	4118.970298
3.738072	4121.646488
3.738072	4121.646488
3.738158	4124.321141
3.738158	4124.321141
3.738243	4126.997025
3.738243	4126.997025
3.738328	4129.672756
3.738328	4129.672756
3.738414	4132.346947
3.738414	4132.346947
3.738499	4135.022372
3.738499	4135.022372
3.738584	4137.697644
3.738584	4137.697644
3.738669	4140.372764
3.738669	4140.372764
3.738755	4143.046340
3.738755	4143.046340
3.738840	4145.721153
3.738840	4145.721153
3.747220	4145.721153
3.747220	4145.721153
3.747305	4145.721153
3.747305	4145.721153
3.747390	4145.721153
3.747390	4145.721153
3.747476	4145.721153
3.747476	4145.721153
3.747561	4145.721153
3.747561	4145.721153
3.747646	4145.721153
3.747646	4145.721153
3.747731	4145.721153
3.747731	4145.721153
3.747817	4145.721153
3.747817	4145.721153
3.747902	4145.721153
3.747902	4145.721153
3.747987	4145.721153
3.747987	4145.721153
3.748072	4145.721153
3.748072	4145.721153
3.748158	4145.721153
3.748158	4145.721153
3.748243	4145.721153
3.748243	4145.721153
3.748328	4145.721153
3.748328	4145.721153
3.748414	4145.721153
3.748414	4145.721153
3.748499	4145.721153
3.748499	4145.721153
3.748584	4145.721153
3.748584	4145.721153
3.748669	4145.721153
3.748669	4145.721153
3.748755	4145.721153
3.748755	4145.721153
3.748840	4145.721153
3.748840	4145.721153
3.757229	4120.392536
3.757229	4120.392536
3.757314	4120.382449
3.757314	4120.382449
3.757399	4120.372363
3.757399	4120.372363
3.757485	4120.360903
3.757485	4120.360903
3.757570	4120.350817
3.757570	4120.350817
3.757655	4120.340733
3.757655	4120.340733
3.757740	4120.330649
3.757740	4120.330649
3.757826	4120.319191
3.757826	4120.319191
3.757911	4120.309109
3.757911	4120.309109
3.757996	4120.299026
3.757996	4120.299026
3.758082	4120.287571
3.758082	4120.287571
3.758167	4120.277490
3.758167	4120.277490
3.758252	4120.267409
3.758252	4120.267409
3.758337	4120.257329
3.758337	4120.257329
3.758423	4120.245876
3.758423	4120.245876
3.758508	4120.235797
3.758508	4120.235797
3.758593	4120.225719
3.758593	4120.225719
3.758679	4120.214268
3.758679	4120.214268
3.758764	4120.204191
3.758764	4120.204191
3.758849	4120.194114
3.758849	4120.194114
3.767229	4120.194114
3.767229	4120.194114
3.767314	4120.194114
3.767314	4120.194114
3.767399	4120.194114
3.767399	4120.194114
3.767485	4120.194114
3.767485	4120.194114
3.767570	4120.194114
3.767570	4120.194114
3.767655	4120.194114
3.767655	4120.194114
3.767740	4120.194114
3.767740	4120.194114
3.767826	4120.194114
3.767826	4120.194114
3.767911	4120.194114
3.767911	4120.194114
3.767996	4120.194114
3.767996	4120.194114
3.768082	4120.194114
3.768082	4120.194114
3.768167	4120.194114
3.768167	4120.194114
3.768252	4120.194114
3.768252	4120.194114
3.768337	4120.194114
3.768337	4120.194114
3.768423	4120.194114
3.768423	4120.194114
3.768508	4120.194114
3.768508	4120.194114
3.768593	4120.194114
3.768593	4120.194114
3.768679	4120.194114
3.768679	4120.194114
3.768764	4120.194114
3.768764	4120.194114
3.768849	4120.194114
3.768849	4120.194114
3.777317	4097.733185
3.777317	4097.733185
3.777402	4100.375091
3.777402	4100.375091
3.777488	4103.015488
3.777488	4103.015488
3.777573	4105.657096
3.777573	4105.657096
3.777658	4108.298555
3.777658	4108.298555
3.777744	4110.938502
3.777744	4110.938502
3.777829	4113.579663
3.777829	4113.579663
3.777914	4116.220674
3.777914	4116.220674
3.777999	4118.861537
3.777999	4118.861537
3.778085	4121.500885
3.778085	4121.500885
3.778170	4124.141450
3.778170	4124.141450
3.778255	4126.781866
3.778255	4126.781866
3.778340	4129.422133
3.778340	4129.422133
3.778426	4132.060882
3.778426	4132.060882
3.778511	4134.700851
3.778511	4134.700851
3.778596	4137.340671
3.778596	4137.340671
3.778682	4139.978971
3.778682	4139.978971
3.778767	4142.618493
3.778767	4142.618493
3.778852	4145.257866
3.778852	4145.257866
3.778937	4147.897091
3.778937	4147.897091
3.787317	4147.897091
3.787317	4147.897091
3.787402	4147.897091
3.787402	4147.897091
3.787488	4147.897091
3.787488	4147.897091
3.787573	4147.897091
3.787573	4147.897091
3.787658	4147.897091
3.787658	4147.897091
3.787744	4147.897091
3.787744	4147.897091
3.787829	4147.897091
3.787829	4147.897091
3.787914	4147.897091
3.787914	4147.897091
3.787999	4147.897091
3.787999	4147.897091
3.788085	4147.897091
3.788085	4147.897091
3.788170	4147.897091
3.788170	4147.897091
3.788255	4147.897091
3.788255	4147.897091
3.788340	4147.897091
3.788340	4147.897091
3.788426	4147.897091
3.788426	4147.897091
3.788511	4147.897091
3.788511	4147.897091
3.788596	4147.897091
3.788596	4147.897091
3.788682	4147.897091
3.788682	4147.897091
3.788767	4147.897091
3.788767	4147.897091
3.788852	4147.897091
3.788852	4147.897091
3.788937	4147.897091
3.788937	4147.897091
3.797326	4122.889673
3.797326	4122.889673
3.797412	4122.878292
3.797412	4122.878292
3.797497	4122.868269
3.797497	4122.868269
3.797582	4122.858247
3.797582	4122.858247
3.797667	4122.848225
3.797667	4122.848225
3.797753	4122.836847
3.797753	4122.836847
3.797838	4122.826826
3.797838	4122.826826
3.797923	4122.816806
3.797923	4122.816806
3.798008	4122.806787
3.798008	4122.806787
3.798094	4122.795411
3.798094	4122.795411
3.798179	4122.785392
3.798179	4122.785392
3.798264	4122.775374
3.798264	4122.775374
3.798350	4122.764000
3.798350	4122.764000
3.798435	4122.753984
3.798435	4122.753984
3.798520	4122.743967
3.798520	4122.743967
3.798605	4122.733952
3.798605	4122.733952
3.798691	4122.722580
3.798691	4122.722580
3.798776	4122.712566
3.798776	4122.712566
3.798861	4122.702552
3.798861	4122.702552
3.798947	4122.691182
3.798947	4122.691182
3.807326	4122.691182
3.807326	4122.691182
3.807412	4122.691182
3.807412	4122.691182
3.807497	4122.691182
3.807497	4122.691182
3.807582	4122.691182
3.807582	4122.691182
3.807667	4122.691182
3.807667	4122.691182
3.807753	4122.691182
3.807753	4122.691182
3.807838	4122.691182
3.807838	4122.691182
3.807923	4122.691182
3.807923	4122.691182
3.808008	4122.691182
3.808008	4122.691182
3.808094	4122.691182
3.808094	4122.691182
3.808179	4122.691182
3.808179	4122.691182
3.808264	4122.691182
3.808264	4122.691182
3.808350	4122.691182
3.808350	4122.691182
3.808435	4122.691182
3.808435	4122.691182
3.808520	4122.691182
3.808520	4122.691182
3.808605	4122.691182
3.808605	4122.691182
3.808691	4122.691182
3.808691	4122.691182
3.808776	4122.691182
3.808776	4122.691182
3.808861	4122.691182
3.808861	4122.691182
3.808947	4122.691182
3.808947	4122.691182
3.817415	4100.509744
3.817415	4100.509744
3.817500	4103.116926
3.817500	4103.116926
3.817585	4105.723962
3.817585	4105.723962
3.817670	4108.330853
3.817670	4108.330853
3.817756	4110.936255
3.817756	4110.936255
3.817841	4113.542856
3.817841	4113.542856
3.817926	4116.149312
3.817926	4116.149312
3.818012	4118.754276
3.818012	4118.754276
3.818097	4121.360441
3.818097	4121.360441
3.818182	4123.966461
3.818182	4123.966461
3.818267	4126.572337
3.818267	4126.572337
3.818353	4129.176717
3.818353	4129.176717
3.818438	4131.782302
3.818438	4131.782302
3.818523	4134.387742
3.818523	4134.387742
3.818608	4136.993037
3.818608	4136.993037
3.818694	4139.596834
3.818694	4139.596834
3.818779	4142.201839
3.818779	4142.201839
3.818864	4144.806699
3.818864	4144.806699
3.818950	4147.410059
3.818950	4147.410059
3.819035	4150.014629
3.819035	4150.014629
3.827415	4150.014629
3.827415	4150.014629
3.827500	4150.014629
3.827500	4150.014629
3.827585	4150.014629
3.827585	4150.014629
3.827670	4150.014629
3.827670	4150.014629
3.827756	4150.014629
3.827756	4150.014629
3.827841	4150.014629
3.827841	4150.014629
3.827926	4150.014629
3.827926	4150.014629
3.828012	4150.014629
3.828012	4150.014629
3.828097	4150.014629
3.828097	4150.014629
3.828182	4150.014629
3.828182	4150.014629
3.828267	4150.014629
3.828267	4150.014629
3.828353	4150.014629
3.828353	4150.014629
3.828438	4150.014629
3.828438	4150.014629
3.828523	4150.014629
3.828523	4150.014629
3.828608	4150.014629
3.828608	4150.014629
3.828694	4150.014629
3.828694	4150.014629
3.828779	4150.014629
3.828779	4150.014629
3.828864	4150.014629
3.828864	4150.014629
3.828950	4150.014629
3.828950	4150.014629
3.829035	4150.014629
3.829035	4150.014629
3.837424	4125.320398
3.837424	4125.320398
3.837509	4125.310438
3.837509	4125.310438
3.837594	4125.300478
3.837594	4125.300478
3.837680	4125.289179
3.837680	4125.289179
3.837765	4125.279220
3.837765	4125.279220
3.837850	4125.269263
3.837850	4125.269263
3.837935	4125.259305
3.837935	4125.259305
3.838021	4125.248008
3.838021	4125.248008
3.838106	4125.238052
3.838106	4125.238052
3.838191	4125.228097
3.838191	4125.228097
3.838276	4125.218142
3.838276	4125.218142
3.838362	4125.206847
3.838362	4125.206847
3.838447	4125.196893
3.838447	4125.196893
3.838532	4125.186940
3.838532	4125.186940
3.838618	4125.175647
3.838618	4125.175647
3.838703	4125.165695
3.838703	4125.165695
3.838788	4125.155743
3.838788	4125.155743
3.838873	4125.145792
3.838873	4125.145792
3.838959	4125.134502
3.838959	4125.134502
3.839044	4125.124552
3.839044	4125.124552
3.847424	4125.124552
3.847424	4125.124552
3.847509	4125.124552
3.847509	4125.124552
3.847594	4125.124552
3.847594	4125.124552
3.847680	4125.124552
3.847680	4125.124552
3.847765	4125.124552
3.847765	4125.124552
3.847850	4125.124552
3.847850	4125.124552
3.847935	4125.124552
3.847935	4125.124552
3.848021	4125.124552
3.848021	4125.124552
3.848106	4125.124552
3.848106	4125.124552
3.848191	4125.124552
3.848191	4125.124552
3.848276	4125.124552
3.848276	4125.124552
3.848362	4125.124552
3.848362	4125.124552
3.848447	4125.124552
3.848447	4125.124552
3.848532	4125.124552
3.848532	4125.124552
3.848618	4125.124552
3.848618	4125.124552
3.848703	4125.124552
3.848703	4125.124552
3.848788	4125.124552
3.848788	4125.124552
3.848873	4125.124552
3.848873	4125.124552
3.848959	4125.124552
3.848959	4125.124552
3.849044	4125.124552
3.849044	4125.124552
3.857512	4103.215742
3.857512	4103.215742
3.857597	4105.789100
3.857597	4105.789100
3.857683	4108.360991
3.857683	4108.360991
3.857768	4110.934066
3.857768	4110.934066
3.857853	4113.507000
3.857853	4113.507000
3.857938	4116.079792
3.857938	4116.079792
3.858024	4118.651114
3.858024	4118.651114
3.858109	4121.223624
3.858109	4121.223624
3.858194	4123.795992
3.858194	4123.795992
3.858280	4126.366887
3.858280	4126.366887
3.858365	4128.938973
3.858365	4128.938973
3.858450	4131.510917
3.858450	4131.510917
3.858535	4134.082720
3.858535	4134.082720
3.858621	4136.653047
3.858621	4136.653047
3.858706	4139.224567
3.858706	4139.224567
3.858791	4141.795946
3.858791	4141.795946
3.858876	4144.367183
3.858876	4144.367183
3.858962	4146.936942
3.858962	4146.936942
3.859047	4149.507897
3.859047	4149.507897
3.859132	4152.078711
3.859132	4152.078711
3.867512	4152.078711
3.867512	4152.078711
3.867597	4152.078711
3.867597	4152.078711
3.867683	4152.078711
3.867683	4152.078711
3.867768	4152.078711
3.867768	4152.078711
3.867853	4152.078711
3.867853	4152.078711
3.867938	4152.078711
3.867938	4152.078711
3.868024	4152.078711
3.868024	4152.078711
3.868109	4152.078711
3.868109	4152.078711
3.868194	4152.078711
3.868194	4152.078711
3.868280	4152.078711
3.868280	4152.078711
3.868365	4152.078711
3.868365	4152.078711
3.868450	4152.078711
3.868450	4152.078711
3.868535	4152.078711
3.868535	4152.078711
3.868621	4152.078711
3.868621	4152.078711
3.868706	4152.078711
3.868706	4152.078711
3.868791	4152.078711
3.868791	4152.078711
3.868876	4152.078711
3.868876	4152.078711
3.868962	4152.078711
3.868962	4152.078711
3.869047	4152.078711
3.869047	4152.078711
3.869132	4152.078711
3.869132	4152.078711
3.877521	4127.689918
3.877521	4127.689918
3.877606	4127.680021
3.877606	4127.680021
3.877692	4127.668801
3.877692	4127.668801
3.877777	4127.658906
3.877777	4127.658906
3.877862	4127.649011
3.877862	4127.649011
3.877948	4127.637793
3.877948	4127.637793
3.878033	4127.627899
3.878033	4127.627899
3.878118	4127.618005
3.878118	4127.618005
3.878203	4127.608113
3.878203	4127.608113
3.878289	4127.596897
3.878289	4127.596897
3.878374	4127.587005
3.878374	4127.587005
3.878459	4127.577114
3.878459	4127.577114
3.878544	4127.567224
3.878544	4127.567224
3.878630	4127.556010
3.878630	4127.556010
3.878715	4127.546121
3.878715	4127.546121
3.878800	4127.536232
3.878800	4127.536232
3.878886	4127.525020
3.878886	4127.525020
3.878971	4127.515132
3.878971	4127.515132
3.879056	4127.505245
3.879056	4127.505245
3.879141	4127.495358
3.879141	4127.495358
3.887521	4127.495358
3.887521	4127.495358
3.887606	4127.495358
3.887606	4127.495358
3.887692	4127.495358
3.887692	4127.495358
3.887777	4127.495358
3.887777	4127.495358
3.887862	4127.495358
3.887862	4127.495358
3.887948	4127.495358
3.887948	4127.495358
3.888033	4127.495358
3.888033	4127.495358
3.888118	4127.495358
3.888118	4127.495358
3.888203	4127.495358
3.888203	4127.495358
3.888289	4127.495358
3.888289	4127.495358
3.888374	4127.495358
3.888374	4127.495358
3.888459	4127.495358
3.888459	4127.495358
3.888544	4127.495358
3.888544	4127.495358
3.888630	4127.495358
3.888630	4127.495358
3.888715	4127.495358
3.888715	4127.495358
3.888800	4127.495358
3.888800	4127.495358
3.888886	4127.495358
3.888886	4127.495358
3.888971	4127.495358
3.888971	4127.495358
3.889056	4127.495358
3.889056	4127.495358
3.889141	4127.495358
3.889141	4127.495358
3.897609	4105.852578
3.897609	4105.852578
3.897695	4108.391670
3.897695	4108.391670
3.897780	4110.931933
3.897780	4110.931933
3.897865	4113.472058
3.897865	4113.472058
3.897951	4116.010734
3.897951	4116.010734
3.898036	4118.550584
3.898036	4118.550584
3.898121	4121.090296
3.898121	4121.090296
3.898206	4123.629870
3.898206	4123.629870
3.898292	4126.167992
3.898292	4126.167992
3.898377	4128.707290
3.898377	4128.707290
3.898462	4131.246451
3.898462	4131.246451
3.898548	4133.784158
3.898548	4133.784158
3.898633	4136.323043
3.898633	4136.323043
3.898718	4138.861790
3.898718	4138.861790
3.898803	4141.400400
3.898803	4141.400400
3.898889	4143.937552
3.898889	4143.937552
3.898974	4146.475887
3.898974	4146.475887
3.899059	4149.014084
3.899059	4149.014084
3.899144	4151.552143
3.899144	4151.552143
3.899230	4154.088742
3.899230	4154.088742
3.907609	4154.088742
3.907609	4154.088742
3.907695	4154.088742
3.907695	4154.088742
3.907780	4154.088742
3.907780	4154.088742
3.907865	4154.088742
3.907865	4154.088742
3.907951	4154.088742
3.907951	4154.088742
3.908036	4154.088742
3.908036	4154.088742
3.908121	4154.088742
3.908121	4154.088742
3.908206	4154.088742
3.908206	4154.088742
3.908292	4154.088742
3.908292	4154.088742
3.908377	4154.088742
3.908377	4154.088742
3.908462	4154.088742
3.908462	4154.088742
3.908548	4154.088742
3.908548	4154.088742
3.908633	4154.088742
3.908633	4154.088742
3.908718	4154.088742
3.908718	4154.088742
3.908803	4154.088742
3.908803	4154.088742
3.908889	4154.088742
3.908889	4154.088742
3.908974	4154.088742
3.908974	4154.088742
3.909059	4154.088742
3.909059	4154.088742
3.909144	4154.088742
3.909144	4154.088742
3.909230	4154.088742
3.909230	4154.088742
3.917619	4129.997951
3.917619	4129.997951
3.917704	4129.988118
3.917704	4129.988118
3.917789	4129.978285
3.917789	4129.978285
3.917874	4129.968453
3.917874	4129.968453
3.917960	4129.957314
3.917960	4129.957314
3.918045	4129.947483
3.918045	4129.947483
3.918130	4129.937653
3.918130	4129.937653
3.918216	4129.926515
3.918216	4129.926515
3.918301	4129.916686
3.918301	4129.916686
3.918386	4129.906857
3.918386	4129.906857
3.918471	4129.897029
3.918471	4129.897029
3.918557	4129.885894
3.918557	4129.885894
3.918642	4129.876067
3.918642	4129.876067
3.918727	4129.866240
3.918727	4129.866240
3.918812	4129.856414
3.918812	4129.856414
3.918898	4129.845281
3.918898	4129.845281
3.918983	4129.835457
3.918983	4129.835457
3.919068	4129.825632
3.919068	4129.825632
3.919154	4129.814501
3.919154	4129.814501
3.919239	4129.804678
3.919239	4129.804678
3.927619	4129.804678
3.927619	4129.804678
3.927704	4129.804678
3.927704	4129.804678
3.927789	4129.804678
3.927789	4129.804678
3.927874	4129.804678
3.927874	4129.804678
3.927960	4129.804678
3.927960	4129.804678
3.928045	4129.804678
3.928045	4129.804678
3.928130	4129.804678
3.928130	4129.804678
3.928216	4129.804678
3.928216	4129.804678
3.928301	4129.804678
3.928301	4129.804678
3.928386	4129.804678
3.928386	4129.804678
3.928471	4129.804678
3.928471	4129.804678
3.928557	4129.804678
3.928557	4129.804678
3.928642	4129.804678
3.928642	4129.804678
3.928727	4129.804678
3.928727	4129.804678
3.928812	4129.804678
3.928812	4129.804678
3.928898	4129.804678
3.928898	4129.804678
3.928983	4129.804678
3.928983	4129.804678
3.929068	4129.804678
3.929068	4129.804678
3.929154	4129.804678
3.929154	4129.804678
3.929239	4129.804678
3.929239	4129.804678
3.937707	4108.421576
3.937707	4108.421576
3.937792	4110.929853
3.937792	4110.929853
3.937877	4113.437996
3.937877	4113.437996
3.937963	4115.944710
3.937963	4115.944710
3.938048	4118.452585
3.938048	4118.452585
3.938133	4120.960325
3.938133	4120.960325
3.938219	4123.466633
3.938219	4123.466633
3.938304	4125.974104
3.938304	4125.974104
3.938389	4128.481441
3.938389	4128.481441
3.938474	4130.988644
3.938474	4130.988644
3.938560	4133.494413
3.938560	4133.494413
3.938645	4136.001346
3.938645	4136.001346
3.938730	4138.508146
3.938730	4138.508146
3.938816	4141.013509
3.938816	4141.013509
3.938901	4143.520040
3.938901	4143.520040
3.938986	4146.026437
3.938986	4146.026437
3.939071	4148.532700
3.939071	4148.532700
3.939157	4151.037523
3.939157	4151.037523
3.939242	4153.543518
3.939242	4153.543518
3.939327	4156.049378
3.939327	4156.049378
3.947707	4156.049378
3.947707	4156.049378
3.947792	4156.049378
3.947792	4156.049378
3.947877	4156.049378
3.947877	4156.049378
3.947963	4156.049378
3.947963	4156.049378
3.948048	4156.049378
3.948048	4156.049378
3.948133	4156.049378
3.948133	4156.049378
3.948219	4156.049378
3.948219	4156.049378
3.948304	4156.049378
3.948304	4156.049378
3.948389	4156.049378
3.948389	4156.049378
3.948474	4156.049378
3.948474	4156.049378
3.948560	4156.049378
3.948560	4156.049378
3.948645	4156.049378
3.948645	4156.049378
3.948730	4156.049378
3.948730	4156.049378
3.948816	4156.049378
3.948816	4156.049378
3.948901	4156.049378
3.948901	4156.049378
3.948986	4156.049378
3.948986	4156.049378
3.949071	4156.049378
3.949071	4156.049378
3.949157	4156.049378
3.949157	4156.049378
3.949242	4156.049378
3.949242	4156.049378
3.949327	4156.049378
3.949327	4156.049378
3.957716	4132.249393
3.957716	4132.249393
3.957801	4132.239623
3.957801	4132.239623
3.957887	4132.228562
3.957887	4132.228562
3.957972	4132.218794
3.957972	4132.218794
3.958057	4132.209026
3.958057	4132.209026
3.958142	4132.199258
3.958142	4132.199258
3.958228	4132.188199
3.958228	4132.188199
3.958313	4132.178433
3.958313	4132.178433
3.958398	4132.168667
3.958398	4132.168667
3.958484	4132.157610
3.958484	4132.157610
3.958569	4132.147845
3.958569	4132.147845
3.958654	4132.138081
3.958654	4132.138081
3.958739	4132.128317
3.958739	4132.128317
3.958825	4132.117262
3.958825	4132.117262
3.958910	4132.107499
3.958910	4132.107499
3.958995	4132.097737
3.958995	4132.097737
3.959080	4132.087975
3.959080	4132.087975
3.959166	4132.076923
3.959166	4132.076923
3.959251	4132.067162
3.959251	4132.067162
3.959336	4132.057402
3.959336	4132.057402
3.967716	4132.057402
3.967716	4132.057402
3.967801	4132.057402
3.967801	4132.057402
3.967887	4132.057402
3.967887	4132.057402
3.967972	4132.057402
3.967972	4132.057402
3.968057	4132.057402
3.968057	4132.057402
3.968142	4132.057402
3.968142	4132.057402
3.968228	4132.057402
3.968228	4132.057402
3.968313	4132.057402
3.968313	4132.057402
3.968398	4132.057402
3.968398	4132.057402
3.968484	4132.057402
3.968484	4132.057402
3.968569	4132.057402
3.968569	4132.057402
3.968654	4132.057402
3.968654	4132.057402
3.968739	4132.057402
3.968739	4132.057402
3.968825	4132.057402
3.968825	4132.057402
3.968910	4132.057402
3.968910	4132.057402
3.968995	4132.057402
3.968995	4132.057402
3.969080	4132.057402
3.969080	4132.057402
3.969166	4132.057402
3.969166	4132.057402
3.969251	4132.057402
3.969251	4132.057402
3.969336	4132.057402
3.969336	4132.057402
3.977804	4110.927825
3.977804	4110.927825
3.977890	4113.403504
3.977890	4113.403504
3.977975	4115.880328
3.977975	4115.880328
3.978060	4118.357023
3.978060	4118.357023
3.978145	4120.833586
3.978145	4120.833586
3.978231	4123.308737
3.978231	4123.308737
3.978316	4125.785038
3.978316	4125.785038
3.978401	4128.261208
3.978401	4128.261208
3.978487	4130.735964
3.978487	4130.735964
3.978572	4133.211872
3.978572	4133.211872
3.978657	4135.687649
3.978657	4135.687649
3.978742	4138.163295
3.978742	4138.163295
3.978828	4140.637524
3.978828	4140.637524
3.978913	4143.112908
3.978913	4143.112908
3.978998	4145.588161
3.978998	4145.588161
3.979084	4148.061995
3.979084	4148.061995
3.979169	4150.536986
3.979169	4150.536986
3.979254	4153.011847
3.979254	4153.011847
3.979339	4155.486577
3.979339	4155.486577
3.979425	4157.959884
3.979425	4157.959884
3.987804	4157.959884
3.987804	4157.959884
3.987890	4157.959884
3.987890	4157.959884
3.987975	4157.959884
3.987975	4157.959884
3.988060	4157.959884
3.988060	4157.959884
3.988145	4157.959884
3.988145	4157.959884
3.988231	4157.959884
3.988231	4157.959884
3.988316	4157.959884
3.988316	4157.959884
3.988401	4157.959884
3.988401	4157.959884
3.988487	4157.959884
3.988487	4157.959884
3.988572	4157.959884
3.988572	4157.959884
3.988657	4157.959884
3.988657	4157.959884
3.988742	4157.959884
3.988742	4157.959884
3.988828	4157.959884
3.988828	4157.959884
3.988913	4157.959884
3.988913	4157.959884
3.988998	4157.959884
3.988998	4157.959884
3.989084	4157.959884
3.989084	4157.959884
3.989169	4157.959884
3.989169	4157.959884
3.989254	4157.959884
3.989254	4157.959884
3.989339	4157.959884
3.989339	4157.959884
3.989425	4157.959884
3.989425	4157.959884
3.997813	4134.445071
3.997813	4134.445071
3.997899	4134.434088
3.997899	4134.434088
3.997984	4134.424383
3.997984	4134.424383
3.998069	4134.414677
3.998069	4134.414677
3.998155	4134.403696
3.998155	4134.403696
3.998240	4134.393992
3.998240	4134.393992
3.998325	4134.384288
3.998325	4134.384288
3.998410	4134.374585
3.998410	4134.374585
3.998496	4134.363606
3.998496	4134.363606
3.998581	4134.353904
3.998581	4134.353904
3.998666	4134.344202
3.998666	4134.344202
3.998752	4134.333225
3.998752	4134.333225
3.998837	4134.323524
3.998837	4134.323524
3.998922	4134.313824
3.998922	4134.313824
3.999007	4134.304125
3.999007	4134.304125
3.999093	4134.293149
3.999093	4134.293149
3.999178	4134.283451
3.999178	4134.283451
3.999263	4134.273753
3.999263	4134.273753
3.999348	4134.264056
3.999348	4134.264056
3.999434	4134.253082
3.999434	4134.253082
4.007813	4134.253082
4.007813	4134.253082
4.007899	4134.253082
4.007899	4134.253082
4.007984	4134.253082
4.007984	4134.253082
4.008069	4134.253082
4.008069	4134.253082
4.008155	4134.253082
4.008155	4134.253082
4.008240	4134.253082
4.008240	4134.253082
4.008325	4134.253082
4.008325	4134.253082
4.008410	4134.253082
4.008410	4134.253082
4.008496	4134.253082
4.008496	4134.253082
4.008581	4134.253082
4.008581	4134.253082
4.008666	4134.253082
4.008666	4134.253082
4.008752	4134.253082
4.008752	4134.253082
4.008837	4134.253082
4.008837	4134.253082
4.008922	4134.253082
4.008922	4134.253082
4.009007	4134.253082
4.009007	4134.253082
4.009093	4134.253082
4.009093	4134.253082
4.009178	4134.253082
4.009178	4134.253082
4.009263	4134.253082
4.009263	4134.253082
4.009348	4134.253082
4.009348	4134.253082
4.009434	4134.253082
4.009434	4134.253082
4.017902	4113.371120
4.017902	4113.371120
4.017987	4115.817528
4.017987	4115.817528
4.018072	4118.263808
4.018072	4118.263808
4.018158	4120.708695
4.018158	4120.708695
4.018243	4123.154719
4.018243	4123.154719
4.018328	4125.600615
4.018328	4125.600615
4.018413	4128.046383
4.018413	4128.046383
4.018499	4130.490757
4.018499	4130.490757
4.018584	4132.936269
4.018584	4132.936269
4.018669	4135.381654
4.018669	4135.381654
4.018755	4137.825642
4.018755	4137.825642
4.018840	4140.270771
4.018840	4140.270771
4.018925	4142.715773
4.018925	4142.715773
4.019010	4145.160647
4.019010	4145.160647
4.019096	4147.604121
4.019096	4147.604121
4.019181	4150.048739
4.019181	4150.048739
4.019266	4152.493230
4.019266	4152.493230
4.019352	4154.936319
4.019352	4154.936319
4.019437	4157.380554
4.019437	4157.380554
4.019522	4159.824661
4.019522	4159.824661
4.027902	4159.824661
4.027902	4159.824661
4.027987	4159.824661
4.027987	4159.824661
4.028072	4159.824661
4.028072	4159.824661
4.028158	4159.824661
4.028158	4159.824661
4.028243	4159.824661
4.028243	4159.824661
4.028328	4159.824661
4.028328	4159.824661
4.028413	4159.824661
4.028413	4159.824661
4.028499	4159.824661
4.028499	4159.824661
4.028584	4159.824661
4.028584	4159.824661
4.028669	4159.824661
4.028669	4159.824661
4.028755	4159.824661
4.028755	4159.824661
4.028840	4159.824661
4.028840	4159.824661
4.028925	4159.824661
4.028925	4159.824661
4.029010	4159.824661
4.029010	4159.824661
4.029096	4159.824661
4.029096	4159.824661
4.029181	4159.824661
4.029181	4159.824661
4.029266	4159.824661
4.029266	4159.824661
4.029352	4159.824661
4.029352	4159.824661
4.029437	4159.824661
4.029437	4159.824661
4.029522	4159.824661
4.029522	4159.824661
4.037911	4136.585771
4.037911	4136.585771
4.037996	4136.576128
4.037996	4136.576128
4.038081	4136.566485
4.038081	4136.566485
4.038167	4136.555581
4.038167	4136.555581
4.038252	4136.545940
4.038252	4136.545940
4.038337	4136.536299
4.038337	4136.536299
4.038423	4136.525397
4.038423	4136.525397
4.038508	4136.515757
4.038508	4136.515757
4.038593	4136.506117
4.038593	4136.506117
4.038678	4136.496478
4.038678	4136.496478
4.038764	4136.485578
4.038764	4136.485578
4.038849	4136.475940
4.038849	4136.475940
4.038934	4136.466303
4.038934	4136.466303
4.039020	4136.455404
4.039020	4136.455404
4.039105	4136.445768
4.039105	4136.445768
4.039190	4136.436132
4.039190	4136.436132
4.039275	4136.426497
4.039275	4136.426497
4.039361	4136.415600
4.039361	4136.415600
4.039446	4136.405966
4.039446	4136.405966
4.039531	4136.396332
4.039531	4136.396332
4.047911	4136.396332
4.047911	4136.396332
4.047996	4136.396332
4.047996	4136.396332
4.048081	4136.396332
4.048081	4136.396332
4.048167	4136.396332
4.048167	4136.396332
4.048252	4136.396332
4.048252	4136.396332
4.048337	4136.396332
4.048337	4136.396332
4.048423	4136.396332
4.048423	4136.396332
4.048508	4136.396332
4.048508	4136.396332
4.048593	4136.396332
4.048593	4136.396332
4.048678	4136.396332
4.048678	4136.396332
4.048764	4136.396332
4.048764	4136.396332
4.048849	4136.396332
4.048849	4136.396332
4.048934	4136.396332
4.048934	4136.396332
4.049020	4136.396332
4.049020	4136.396332
4.049105	4136.396332
4.049105	4136.396332
4.049190	4136.396332
4.049190	4136.396332
4.049275	4136.396332
4.049275	4136.396332
4.049361	4136.396332
4.049361	4136.396332
4.049446	4136.396332
4.049446	4136.396332
4.049531	4136.396332
4.049531	4136.396332
4.057999	4115.756251
4.057999	4115.756251
4.058084	4118.172854
4.058084	4118.172854
4.058170	4120.588084
4.058170	4120.588084
4.058255	4123.004437
4.058255	4123.004437
4.058340	4125.420666
4.058340	4125.420666
4.058426	4127.835519
4.058426	4127.835519
4.058511	4130.251498
4.058511	4130.251498
4.058596	4132.667353
4.058596	4132.667353
4.058681	4135.083083
4.058681	4135.083083
4.058767	4137.497435
4.058767	4137.497435
4.058852	4139.912915
4.058852	4139.912915
4.058937	4142.328271
4.058937	4142.328271
4.059023	4144.742246
4.059023	4144.742246
4.059108	4147.157353
4.059108	4147.157353
4.059193	4149.572335
4.059193	4149.572335
4.059278	4151.987192
4.059278	4151.987192
4.059364	4154.400666
4.059364	4154.400666
4.059449	4156.815274
4.059449	4156.815274
4.059534	4159.229758
4.059534	4159.229758
4.059620	4161.642856
4.059620	4161.642856
4.067999	4161.642856
4.067999	4161.642856
4.068084	4161.642856
4.068084	4161.642856
4.068170	4161.642856
4.068170	4161.642856
4.068255	4161.642856
4.068255	4161.642856
4.068340	4161.642856
4.068340	4161.642856
4.068426	4161.642856
4.068426	4161.642856
4.068511	4161.642856
4.068511	4161.642856
4.068596	4161.642856
4.068596	4161.642856
4.068681	4161.642856
4.068681	4161.642856
4.068767	4161.642856
4.068767	4161.642856
4.068852	4161.642856
4.068852	4161.642856
4.068937	4161.642856
4.068937	4161.642856
4.069023	4161.642856
4.069023	4161.642856
4.069108	4161.642856
4.069108	4161.642856
4.069193	4161.642856
4.069193	4161.642856
4.069278	4161.642856
4.069278	4161.642856
4.069364	4161.642856
4.069364	4161.642856
4.069449	4161.642856
4.069449	4161.642856
4.069534	4161.642856
4.069534	4161.642856
4.069620	4161.642856
4.069620	4161.642856
4.078008	4138.675977
4.078008	4138.675977
4.078094	4138.665149
4.078094	4138.665149
4.078179	4138.655570
4.078179	4138.655570
4.078264	4138.645991
4.078264	4138.645991
4.078349	4138.636412
4.078349	4138.636412
4.078435	4138.625587
4.078435	4138.625587
4.078520	4138.616010
4.078520	4138.616010
4.078605	4138.606433
4.078605	4138.606433
4.078691	4138.595609
4.078691	4138.595609
4.078776	4138.586033
4.078776	4138.586033
4.078861	4138.576457
4.078861	4138.576457
4.078946	4138.566882
4.078946	4138.566882
4.079032	4138.556061
4.079032	4138.556061
4.079117	4138.546487
4.079117	4138.546487
4.079202	4138.536913
4.079202	4138.536913
4.079288	4138.526094
4.079288	4138.526094
4.079373	4138.516521
4.079373	4138.516521
4.079458	4138.506949
4.079458	4138.506949
4.079543	4138.497378
4.079543	4138.497378
4.079629	4138.486560
4.079629	4138.486560
4.088008	4138.486560
4.088008	4138.486560
4.088094	4138.486560
4.088094	4138.486560
4.088179	4138.486560
4.088179	4138.486560
4.088264	4138.486560
4.088264	4138.486560
4.088349	4138.486560
4.088349	4138.486560
4.088435	4138.486560
4.088435	4138.486560
4.088520	4138.486560
4.088520	4138.486560
4.088605	4138.486560
4.088605	4138.486560
4.088691	4138.486560
4.088691	4138.486560
4.088776	4138.486560
4.088776	4138.486560
4.088861	4138.486560
4.088861	4138.486560
4.088946	4138.486560
4.088946	4138.486560
4.089032	4138.486560
4.089032	4138.486560
4.089117	4138.486560
4.089117	4138.486560
4.089202	4138.486560
4.089202	4138.486560
4.089288	4138.486560
4.089288	4138.486560
4.089373	4138.486560
4.089373	4138.486560
4.089458	4138.486560
4.089458	4138.486560
4.089543	4138.486560
4.089543	4138.486560
4.089629	4138.486560
4.089629	4138.486560
4.098097	4118.082848
4.098097	4118.082848
4.098182	4120.470364
4.098182	4120.470364
4.098267	4122.857758
4.098267	4122.857758
4.098352	4125.245031
4.098352	4125.245031
4.098438	4127.630946
4.098438	4127.630946
4.098523	4130.017975
4.098523	4130.017975
4.098608	4132.404883
4.098608	4132.404883
4.098694	4134.790430
4.098694	4134.790430
4.098779	4137.177094
4.098779	4137.177094
4.098864	4139.563636
4.098864	4139.563636
4.098949	4141.950057
4.098949	4141.950057
4.099035	4144.335115
4.099035	4144.335115
4.099120	4146.721292
4.099120	4146.721292
4.099205	4149.107347
4.099205	4149.107347
4.099291	4151.492038
4.099291	4151.492038
4.099376	4153.877850
4.099376	4153.877850
4.099461	4156.263541
4.099461	4156.263541
4.099546	4158.649110
4.099546	4158.649110
4.099632	4161.033311
4.099632	4161.033311
4.099717	4163.418637
4.099717	4163.418637
4.108097	4163.418637
4.108097	4163.418637
4.108182	4163.418637
4.108182	4163.418637
4.108267	4163.418637
4.108267	4163.418637
4.108352	4163.418637
4.108352	4163.418637
4.108438	4163.418637
4.108438	4163.418637
4.108523	4163.418637
4.108523	4163.418637
4.108608	4163.418637
4.108608	4163.418637
4.108694	4163.418637
4.108694	4163.418637
4.108779	4163.418637
4.108779	4163.418637
4.108864	4163.418637
4.108864	4163.418637
4.108949	4163.418637
4.108949	4163.418637
4.109035	4163.418637
4.109035	4163.418637
4.109120	4163.418637
4.109120	4163.418637
4.109205	4163.418637
4.109205	4163.418637
4.109291	4163.418637
4.109291	4163.418637
4.109376	4163.418637
4.109376	4163.418637
4.109461	4163.418637
4.109461	4163.418637
4.109546	4163.418637
4.109546	4163.418637
4.109632	4163.418637
4.109632	4163.418637
4.109717	4163.418637
4.109717	4163.418637
4.118106	4140.715034
4.118106	4140.715034
4.118191	4140.705517
4.118191	4140.705517
4.118276	4140.696000
4.118276	4140.696000
4.118362	4140.685251
4.118362	4140.685251
4.118447	4140.675735
4.118447	4140.675735
4.118532	4140.666220
4.118532	4140.666220
4.118617	4140.656705
4.118617	4140.656705
4.118703	4140.645958
4.118703	4140.645958
4.118788	4140.636444
4.118788	4140.636444
4.118873	4140.626931
4.118873	4140.626931
4.118959	4140.616185
4.118959	4140.616185
4.119044	4140.606673
4.119044	4140.606673
4.119129	4140.597161
4.119129	4140.597161
4.119214	4140.587649
4.119214	4140.587649
4.119300	4140.576906
4.119300	4140.576906
4.119385	4140.567396
4.119385	4140.567396
4.119470	4140.557886
4.119470	4140.557886
4.119556	4140.547144
4.119556	4140.547144
4.119641	4140.537635
4.119641	4140.537635
4.119726	4140.528126
4.119726	4140.528126
4.128106	4140.528126
4.128106	4140.528126
4.128191	4140.528126
4.128191	4140.528126
4.128276	4140.528126
4.128276	4140.528126
4.128362	4140.528126
4.128362	4140.528126
4.128447	4140.528126
4.128447	4140.528126
4.128532	4140.528126
4.128532	4140.528126
4.128617	4140.528126
4.128617	4140.528126
4.128703	4140.528126
4.128703	4140.528126
4.128788	4140.528126
4.128788	4140.528126
4.128873	4140.528126
4.128873	4140.528126
4.128959	4140.528126
4.128959	4140.528126
4.129044	4140.528126
4.129044	4140.528126
4.129129	4140.528126
4.129129	4140.528126
4.129214	4140.528126
4.129214	4140.528126
4.129300	4140.528126
4.129300	4140.528126
4.129385	4140.528126
4.129385	4140.528126
4.129470	4140.528126
4.129470	4140.528126
4.129556	4140.528126
4.129556	4140.528126
4.129641	4140.528126
4.129641	4140.528126
4.129726	4140.528126
4.129726	4140.528126
4.138194	4120.355433
4.138194	4120.355433
4.138279	4122.714554
4.138279	4122.714554
4.138365	4125.072335
4.138365	4125.072335
4.138450	4127.431218
4.138450	4127.431218
4.138535	4129.789983
4.138535	4129.789983
4.138620	4132.148629
4.138620	4132.148629
4.138706	4134.505932
4.138706	4134.505932
4.138791	4136.864340
4.138791	4136.864340
4.138876	4139.222629
4.138876	4139.222629
4.138962	4141.579574
4.138962	4141.579574
4.139047	4143.937625
4.139047	4143.937625
4.139132	4146.295558
4.139132	4146.295558
4.139217	4148.653371
4.139217	4148.653371
4.139303	4151.009838
4.139303	4151.009838
4.139388	4153.367414
4.139388	4153.367414
4.139473	4155.724872
4.139473	4155.724872
4.139559	4158.080980
4.139559	4158.080980
4.139644	4160.438200
4.139644	4160.438200
4.139729	4162.795301
4.139729	4162.795301
4.139814	4165.152284
4.139814	4165.152284
4.148194	4165.152284
4.148194	4165.152284
4.148279	4165.152284
4.148279	4165.152284
4.148365	4165.152284
4.148365	4165.152284
4.148450	4165.152284
4.148450	4165.152284
4.148535	4165.152284
4.148535	4165.152284
4.148620	4165.152284
4.148620	4165.152284
4.148706	4165.152284
4.148706	4165.152284
4.148791	4165.152284
4.148791	4165.152284
4.148876	4165.152284
4.148876	4165.152284
4.148962	4165.152284
4.148962	4165.152284
4.149047	4165.152284
4.149047	4165.152284
4.149132	4165.152284
4.149132	4165.152284
4.149217	4165.152284
4.149217	4165.152284
4.149303	4165.152284
4.149303	4165.152284
4.149388	4165.152284
4.149388	4165.152284
4.149473	4165.152284
4.149473	4165.152284
4.149559	4165.152284
4.149559	4165.152284
4.149644	4165.152284
4.149644	4165.152284
4.149729	4165.152284
4.149729	4165.152284
4.149814	4165.152284
4.149814	4165.152284
4.158203	4142.707190
4.158203	4142.707190
4.158288	4142.697735
4.158288	4142.697735
4.158374	4142.687062
4.158374	4142.687062
4.158459	4142.677608
4.158459	4142.677608
4.158544	4142.668154
4.158544	4142.668154
4.158630	4142.657483
4.158630	4142.657483
4.158715	4142.648030
4.158715	4142.648030
4.158800	4142.638578
4.158800	4142.638578
4.158885	4142.629127
4.158885	4142.629127
4.158971	4142.618457
4.158971	4142.618457
4.159056	4142.609007
4.159056	4142.609007
4.159141	4142.599557
4.159141	4142.599557
4.159227	4142.588889
4.159227	4142.588889
4.159312	4142.579440
4.159312	4142.579440
4.159397	4142.569991
4.159397	4142.569991
4.159482	4142.560543
4.159482	4142.560543
4.159568	4142.549877
4.159568	4142.549877
4.159653	4142.540430
4.159653	4142.540430
4.159738	4142.530983
4.159738	4142.530983
4.159824	4142.520319
4.159824	4142.520319
4.168203	4142.520319
4.168203	4142.520319
4.168288	4142.520319
4.168288	4142.520319
4.168374	4142.520319
4.168374	4142.520319
4.168459	4142.520319
4.168459	4142.520319
4.168544	4142.520319
4.168544	4142.520319
4.168630	4142.520319
4.168630	4142.520319
4.168715	4142.520319
4.168715	4142.520319
4.168800	4142.520319
4.168800	4142.520319
4.168885	4142.520319
4.168885	4142.520319
4.168971	4142.520319
4.168971	4142.520319
4.169056	4142.520319
4.169056	4142.520319
4.169141	4142.520319
4.169141	4142.520319
4.169227	4142.520319
4.169227	4142.520319
4.169312	4142.520319
4.169312	4142.520319
4.169397	4142.520319
4.169397	4142.520319
4.169482	4142.520319
4.169482	4142.520319
4.169568	4142.520319
4.169568	4142.520319
4.169653	4142.520319
4.169653	4142.520319
4.169738	4142.520319
4.169738	4142.520319
4.169824	4142.520319
4.169824	4142.520319
4.178292	4122.573496
4.178292	4122.573496
4.178377	4124.904889
4.178377	4124.904889
4.178462	4127.236166
4.178462	4127.236166
4.178547	4129.567328
4.178547	4129.567328
4.178633	4131.897165
4.178633	4131.897165
4.178718	4134.228094
4.178718	4134.228094
4.178803	4136.558907
4.178803	4136.558907
4.178888	4138.889604
4.178888	4138.889604
4.178974	4141.218974
4.178974	4141.218974
4.179059	4143.549439
4.179059	4143.549439
4.179144	4145.879787
4.179144	4145.879787
4.179230	4148.208807
4.179230	4148.208807
4.179315	4150.538924
4.179315	4150.538924
4.179400	4152.868924
4.179400	4152.868924
4.179485	4155.198809
4.179485	4155.198809
4.179571	4157.527362
4.179571	4157.527362
4.179656	4159.857015
4.179656	4159.857015
4.179741	4162.186552
4.179741	4162.186552
4.179827	4164.514755
4.179827	4164.514755
4.179912	4166.844059
4.179912	4166.844059
4.188292	4166.844059
4.188292	4166.844059
4.188377	4166.844059
4.188377	4166.844059
4.188462	4166.844059
4.188462	4166.844059
4.188547	4166.844059
4.188547	4166.844059
4.188633	4166.844059
4.188633	4166.844059
4.188718	4166.844059
4.188718	4166.844059
4.188803	4166.844059
4.188803	4166.844059
4.188888	4166.844059
4.188888	4166.844059
4.188974	4166.844059
4.188974	4166.844059
4.189059	4166.844059
4.189059	4166.844059
4.189144	4166.844059
4.189144	4166.844059
4.189230	4166.844059
4.189230	4166.844059
4.189315	4166.844059
4.189315	4166.844059
4.189400	4166.844059
4.189400	4166.844059
4.189485	4166.844059
4.189485	4166.844059
4.189571	4166.844059
4.189571	4166.844059
4.189656	4166.844059
4.189656	4166.844059
4.189741	4166.844059
4.189741	4166.844059
4.189827	4166.844059
4.189827	4166.844059
4.189912	4166.844059
4.189912	4166.844059
4.198301	4144.651675
4.198301	4144.651675
4.198386	4144.642283
4.198386	4144.642283
4.198471	4144.632891
4.198471	4144.632891
4.198556	4144.623499
4.198556	4144.623499
4.198642	4144.612902
4.198642	4144.612902
4.198727	4144.603512
4.198727	4144.603512
4.198812	4144.594121
4.198812	4144.594121
4.198898	4144.583526
4.198898	4144.583526
4.198983	4144.574137
4.198983	4144.574137
4.199068	4144.564748
4.199068	4144.564748
4.199153	4144.555360
4.199153	4144.555360
4.199239	4144.544767
4.199239	4144.544767
4.199324	4144.535380
4.199324	4144.535380
4.199409	4144.525993
4.199409	4144.525993
4.199495	4144.515401
4.199495	4144.515401
4.199580	4144.506015
4.199580	4144.506015
4.199665	4144.496630
4.199665	4144.496630
4.199750	4144.487245
4.199750	4144.487245
4.199836	4144.476655
4.199836	4144.476655
4.199921	4144.467271
4.199921	4144.467271
4.208301	4144.467271
4.208301	4144.467271
4.208386	4144.467271
4.208386	4144.467271
4.208471	4144.467271
4.208471	4144.467271
4.208556	4144.467271
4.208556	4144.467271
4.208642	4144.467271
4.208642	4144.467271
4.208727	4144.467271
4.208727	4144.467271
4.208812	4144.467271
4.208812	4144.467271
4.208898	4144.467271
4.208898	4144.467271
4.208983	4144.467271
4.208983	4144.467271
4.209068	4144.467271
4.209068	4144.467271
4.209153	4144.467271
4.209153	4144.467271
4.209239	4144.467271
4.209239	4144.467271
4.209324	4144.467271
4.209324	4144.467271
4.209409	4144.467271
4.209409	4144.467271
4.209495	4144.467271
4.209495	4144.467271
4.209580	4144.467271
4.209580	4144.467271
4.209665	4144.467271
4.209665	4144.467271
4.209750	4144.467271
4.209750	4144.467271
4.209836	4144.467271
4.209836	4144.467271
4.209921	4144.467271
4.209921	4144.467271
4.218389	4124.741317
4.218389	4124.741317
4.218474	4127.045628
4.218474	4127.045628
4.218560	4129.348631
4.218560	4129.348631
4.218645	4131.652714
4.218645	4131.652714
4.218730	4133.956684
4.218730	4133.956684
4.218815	4136.260540
4.218815	4136.260540
4.218901	4138.563087
4.218901	4138.563087
4.218986	4140.866716
4.218986	4140.866716
4.219071	4143.170233
4.219071	4143.170233
4.219156	4145.473636
4.219156	4145.473636
4.219242	4147.775727
4.219242	4147.775727
4.219327	4150.078903
4.219327	4150.078903
4.219412	4152.381965
4.219412	4152.381965
4.219498	4154.683714
4.219498	4154.683714
4.219583	4156.986550
4.219583	4156.986550
4.219668	4159.289273
4.219668	4159.289273
4.219753	4161.591882
4.219753	4161.591882
4.219839	4163.893175
4.219839	4163.893175
4.219924	4166.195558
4.219924	4166.195558
4.220009	4168.497828
4.220009	4168.497828
4.228389	4168.497828
4.228389	4168.497828
4.228474	4168.497828
4.228474	4168.497828
4.228560	4168.497828
4.228560	4168.497828
4.228645	4168.497828
4.228645	4168.497828
4.228730	4168.497828
4.228730	4168.497828
4.228815	4168.497828
4.228815	4168.497828
4.228901	4168.497828
4.228901	4168.497828
4.228986	4168.497828
4.228986	4168.497828
4.229071	4168.497828
4.229071	4168.497828
4.229156	4168.497828
4.229156	4168.497828
4.229242	4168.497828
4.229242	4168.497828
4.229327	4168.497828
4.229327	4168.497828
4.229412	4168.497828
4.229412	4168.497828
4.229498	4168.497828
4.229498	4168.497828
4.229583	4168.497828
4.229583	4168.497828
4.229668	4168.497828
4.229668	4168.497828
4.229753	4168.497828
4.229753	4168.497828
4.229839	4168.497828
4.229839	4168.497828
4.229924	4168.497828
4.229924	4168.497828
4.230009	4168.497828
4.230009	4168.497828
4.238398	4146.552522
4.238398	4146.552522
4.238483	4146.543191
4.238483	4146.543191
4.238569	4146.532669
4.238569	4146.532669
4.238654	4146.523339
4.238654	4146.523339
4.238739	4146.514010
4.238739	4146.514010
4.238824	4146.504681
4.238824	4146.504681
4.238910	4146.494161
4.238910	4146.494161
4.238995	4146.484833
4.238995	4146.484833
4.239080	4146.475505
4.239080	4146.475505
4.239166	4146.464986
4.239166	4146.464986
4.239251	4146.455660
4.239251	4146.455660
4.239336	4146.446333
4.239336	4146.446333
4.239421	4146.437008
4.239421	4146.437008
4.239507	4146.426491
4.239507	4146.426491
4.239592	4146.417166
4.239592	4146.417166
4.239677	4146.407842
4.239677	4146.407842
4.239763	4146.397326
4.239763	4146.397326
4.239848	4146.388003
4.239848	4146.388003
4.239933	4146.378680
4.239933	4146.378680
4.240018	4146.369358
4.240018	4146.369358
4.248398	4146.369358
4.248398	4146.369358
4.248483	4146.369358
4.248483	4146.369358
4.248569	4146.369358
4.248569	4146.369358
4.248654	4146.369358
4.248654	4146.369358
4.248739	4146.369358
4.248739	4146.369358
4.248824	4146.369358
4.248824	4146.369358
4.248910	4146.369358
4.248910	4146.369358
4.248995	4146.369358
4.248995	4146.369358
4.249080	4146.369358
4.249080	4146.369358
4.249166	4146.369358
4.249166	4146.369358
4.249251	4146.369358
4.249251	4146.369358
4.249336	4146.369358
4.249336	4146.369358
4.249421	4146.369358
4.249421	4146.369358
4.249507	4146.369358
4.249507	4146.369358
4.249592	4146.369358
4.249592	4146.369358
4.249677	4146.369358
4.249677	4146.369358
4.249763	4146.369358
4.249763	4146.369358
4.249848	4146.369358
4.249848	4146.369358
4.249933	4146.369358
4.249933	4146.369358
4.250018	4146.369358
4.250018	4146.369358
4.258486	4126.859447
4.258486	4126.859447
4.258572	4129.136116
4.258572	4129.136116
4.258657	4131.413854
4.258657	4131.413854
4.258742	4133.691481
4.258742	4133.691481
4.258828	4135.967816
4.258828	4135.967816
4.258913	4138.245221
4.258913	4138.245221
4.258998	4140.522515
4.258998	4140.522515
4.259083	4142.799699
4.259083	4142.799699
4.259169	4145.075588
4.259169	4145.075588
4.259254	4147.352550
4.259254	4147.352550
4.259339	4149.629401
4.259339	4149.629401
4.259424	4151.906142
4.259424	4151.906142
4.259510	4154.181585
4.259510	4154.181585
4.259595	4156.458104
4.259595	4156.458104
4.259680	4158.734513
4.259680	4158.734513
4.259766	4161.009622
4.259766	4161.009622
4.259851	4163.285808
4.259851	4163.285808
4.259936	4165.561885
4.259936	4165.561885
4.260021	4167.837850
4.260021	4167.837850
4.260107	4170.112514
4.260107	4170.112514
4.268486	4170.112514
4.268486	4170.112514
4.268572	4170.112514
4.268572	4170.112514
4.268657	4170.112514
4.268657	4170.112514
4.268742	4170.112514
4.268742	4170.112514
4.268828	4170.112514
4.268828	4170.112514
4.268913	4170.112514
4.268913	4170.112514
4.268998	4170.112514
4.268998	4170.112514
4.269083	4170.112514
4.269083	4170.112514
4.269169	4170.112514
4.269169	4170.112514
4.269254	4170.112514
4.269254	4170.112514
4.269339	4170.112514
4.269339	4170.112514
4.269424	4170.112514
4.269424	4170.112514
4.269510	4170.112514
4.269510	4170.112514
4.269595	4170.112514
4.269595	4170.112514
4.269680	4170.112514
4.269680	4170.112514
4.269766	4170.112514
4.269766	4170.112514
4.269851	4170.112514
4.269851	4170.112514
4.269936	4170.112514
4.269936	4170.112514
4.270021	4170.112514
4.270021	4170.112514
4.270107	4170.112514
4.270107	4170.112514
4.278496	4148.408866
4.278496	4148.408866
4.278581	4148.399596
4.278581	4148.399596
4.278666	4148.390327
4.278666	4148.390327
4.278751	4148.381059
4.278751	4148.381059
4.278837	4148.370612
4.278837	4148.370612
4.278922	4148.361345
4.278922	4148.361345
4.279007	4148.352078
4.279007	4148.352078
4.279092	4148.342811
4.279092	4148.342811
4.279178	4148.332366
4.279178	4148.332366
4.279263	4148.323101
4.279263	4148.323101
4.279348	4148.313835
4.279348	4148.313835
4.279434	4148.303392
4.279434	4148.303392
4.279519	4148.294128
4.279519	4148.294128
4.279604	4148.284864
4.279604	4148.284864
4.279689	4148.275600
4.279689	4148.275600
4.279775	4148.265159
4.279775	4148.265159
4.279860	4148.255897
4.279860	4148.255897
4.279945	4148.246635
4.279945	4148.246635
4.280031	4148.236195
4.280031	4148.236195
4.280116	4148.226933
4.280116	4148.226933
4.288496	4148.226933
4.288496	4148.226933
4.288581	4148.226933
4.288581	4148.226933
4.288666	4148.226933
4.288666	4148.226933
4.288751	4148.226933
4.288751	4148.226933
4.288837	4148.226933
4.288837	4148.226933
4.288922	4148.226933
4.288922	4148.226933
4.289007	4148.226933
4.289007	4148.226933
4.289092	4148.226933
4.289092	4148.226933
4.289178	4148.226933
4.289178	4148.226933
4.289263	4148.226933
4.289263	4148.226933
4.289348	4148.226933
4.289348	4148.226933
4.289434	4148.226933
4.289434	4148.226933
4.289519	4148.226933
4.289519	4148.226933
4.289604	4148.226933
4.289604	4148.226933
4.289689	4148.226933
4.289689	4148.226933
4.289775	4148.226933
4.289775	4148.226933
4.289860	4148.226933
4.289860	4148.226933
4.289945	4148.226933
4.289945	4148.226933
4.290031	4148.226933
4.290031	4148.226933
4.290116	4148.226933
4.290116	4148.226933
4.298584	4128.928408
4.298584	4128.928408
4.298669	4131.180396
4.298669	4131.180396
4.298754	4133.432276
4.298754	4133.432276
4.298840	4135.682879
4.298840	4135.682879
4.298925	4137.934542
4.298925	4137.934542
4.299010	4140.186097
4.299010	4140.186097
4.299096	4142.436374
4.299096	4142.436374
4.299181	4144.687712
4.299181	4144.687712
4.299266	4146.938942
4.299266	4146.938942
4.299351	4149.190063
4.299351	4149.190063
4.299437	4151.439904
4.299437	4151.439904
4.299522	4153.690809
4.299522	4153.690809
4.299607	4155.941606
4.299607	4155.941606
4.299692	4158.192295
4.299692	4158.192295
4.299778	4160.441700
4.299778	4160.441700
4.299863	4162.692172
4.299863	4162.692172
4.299948	4164.942536
4.299948	4164.942536
4.300034	4167.191615
4.300034	4167.191615
4.300119	4169.441762
4.300119	4169.441762
4.300204	4171.691801
4.300204	4171.691801
4.308584	4171.691801
4.308584	4171.691801
4.308669	4171.691801
4.308669	4171.691801
4.308754	4171.691801
4.308754	4171.691801
4.308840	4171.691801
4.308840	4171.691801
4.308925	4171.691801
4.308925	4171.691801
4.309010	4171.691801
4.309010	4171.691801
4.309096	4171.691801
4.309096	4171.691801
4.309181	4171.691801
4.309181	4171.691801
4.309266	4171.691801
4.309266	4171.691801
4.309351	4171.691801
4.309351	4171.691801
4.309437	4171.691801
4.309437	4171.691801
4.309522	4171.691801
4.309522	4171.691801
4.309607	4171.691801
4.309607	4171.691801
4.309692	4171.691801
4.309692	4171.691801
4.309778	4171.691801
4.309778	4171.691801
4.309863	4171.691801
4.309863	4171.691801
4.309948	4171.691801
4.309948	4171.691801
4.310034	4171.691801
4.310034	4171.691801
4.310119	4171.691801
4.310119	4171.691801
4.310204	4171.691801
4.310204	4171.691801
4.318593	4150.224541
4.318593	4150.224541
4.318678	4150.215333
4.318678	4150.215333
4.318764	4150.204959
4.318764	4150.204959
4.318849	4150.195751
4.318849	4150.195751
4.318934	4150.186545
4.318934	4150.186545
4.319019	4150.177338
4.319019	4150.177338
4.319105	4150.166966
4.319105	4150.166966
4.319190	4150.157761
4.319190	4150.157761
4.319275	4150.148556
4.319275	4150.148556
4.319360	4150.139351
4.319360	4150.139351
4.319446	4150.128981
4.319446	4150.128981
4.319531	4150.119777
4.319531	4150.119777
4.319616	4150.110574
4.319616	4150.110574
4.319702	4150.100205
4.319702	4150.100205
4.319787	4150.091003
4.319787	4150.091003
4.319872	4150.081801
4.319872	4150.081801
4.319957	4150.072599
4.319957	4150.072599
4.320043	4150.062232
4.320043	4150.062232
4.320128	4150.053032
4.320128	4150.053032
4.320213	4150.043832
4.320213	4150.043832
4.328593	4150.043832
4.328593	4150.043832
4.328678	4150.043832
4.328678	4150.043832
4.328764	4150.043832
4.328764	4150.043832
4.328849	4150.043832
4.328849	4150.043832
4.328934	4150.043832
4.328934	4150.043832
4.329019	4150.043832
4.329019	4150.043832
4.329105	4150.043832
4.329105	4150.043832
4.329190	4150.043832
4.329190	4150.043832
4.329275	4150.043832
4.329275	4150.043832
4.329360	4150.043832
4.329360	4150.043832
4.329446	4150.043832
4.329446	4150.043832
4.329531	4150.043832
4.329531	4150.043832
4.329616	4150.043832
4.329616	4150.043832
4.329702	4150.043832
4.329702	4150.043832
4.329787	4150.043832
4.329787	4150.043832
4.329872	4150.043832
4.329872	4150.043832
4.329957	4150.043832
4.329957	4150.043832
4.330043	4150.043832
4.330043	4150.043832
4.330128	4150.043832
4.330128	4150.043832
4.330213	4150.043832
4.330213	4150.043832
4.338681	4130.952158
4.338681	4130.952158
4.338767	4133.177712
4.338767	4133.177712
4.338852	4135.404314
4.338852	4135.404314
4.338937	4137.630810
4.338937	4137.630810
4.339022	4139.857201
4.339022	4139.857201
4.339108	4142.082329
4.339108	4142.082329
4.339193	4144.308508
4.339193	4144.308508
4.339278	4146.534580
4.339278	4146.534580
4.339364	4148.759389
4.339364	4148.759389
4.339449	4150.985249
4.339449	4150.985249
4.339534	4153.211005
4.339534	4153.211005
4.339619	4155.436654
4.339619	4155.436654
4.339705	4157.661036
4.339705	4157.661036
4.339790	4159.886474
4.339790	4159.886474
4.339875	4162.111806
4.339875	4162.111806
4.339960	4164.337032
4.339960	4164.337032
4.340046	4166.560988
4.340046	4166.560988
4.340131	4168.786003
4.340131	4168.786003
4.340216	4171.010911
4.340216	4171.010911
4.340302	4173.234548
4.340302	4173.234548
4.348681	4173.234548
4.348681	4173.234548
4.348767	4173.234548
4.348767	4173.234548
4.348852	4173.234548
4.348852	4173.234548
4.348937	4173.234548
4.348937	4173.234548
4.349022	4173.234548
4.349022	4173.234548
4.349108	4173.234548
4.349108	4173.234548
4.349193	4173.234548
4.349193	4173.234548
4.349278	4173.234548
4.349278	4173.234548
4.349364	4173.234548
4.349364	4173.234548
4.349449	4173.234548
4.349449	4173.234548
4.349534	4173.234548
4.349534	4173.234548
4.349619	4173.234548
4.349619	4173.234548
4.349705	4173.234548
4.349705	4173.234548
4.349790	4173.234548
4.349790	4173.234548
4.349875	4173.234548
4.349875	4173.234548
4.349960	4173.234548
4.349960	4173.234548
4.350046	4173.234548
4.350046	4173.234548
4.350131	4173.234548
4.350131	4173.234548
4.350216	4173.234548
4.350216	4173.234548
4.350302	4173.234548
4.350302	4173.234548
4.358690	4151.999755
4.358690	4151.999755
4.358776	4151.989454
4.358776	4151.989454
4.358861	4151.980307
4.358861	4151.980307
4.358946	4151.971160
4.358946	4151.971160
4.359032	4151.960861
4.359032	4151.960861
4.359117	4151.951715
4.359117	4151.951715
4.359202	4151.942569
4.359202	4151.942569
4.359287	4151.933425
4.359287	4151.933425
4.359373	4151.923127
4.359373	4151.923127
4.359458	4151.913983
4.359458	4151.913983
4.359543	4151.904839
4.359543	4151.904839
4.359628	4151.895696
4.359628	4151.895696
4.359714	4151.885400
4.359714	4151.885400
4.359799	4151.876258
4.359799	4151.876258
4.359884	4151.867116
4.359884	4151.867116
4.359970	4151.856821
4.359970	4151.856821
4.360055	4151.847680
4.360055	4151.847680
4.360140	4151.838540
4.360140	4151.838540
4.360225	4151.829400
4.360225	4151.829400
4.360311	4151.819107
4.360311	4151.819107
4.368690	4151.819107
4.368690	4151.819107
4.368776	4151.819107
4.368776	4151.819107
4.368861	4151.819107
4.368861	4151.819107
4.368946	4151.819107
4.368946	4151.819107
4.369032	4151.819107
4.369032	4151.819107
4.369117	4151.819107
4.369117	4151.819107
4.369202	4151.819107
4.369202	4151.819107
4.369287	4151.819107
4.369287	4151.819107
4.369373	4151.819107
4.369373	4151.819107
4.369458	4151.819107
4.369458	4151.819107
4.369543	4151.819107
4.369543	4151.819107
4.369628	4151.819107
4.369628	4151.819107
4.369714	4151.819107
4.369714	4151.819107
4.369799	4151.819107
4.369799	4151.819107
4.369884	4151.819107
4.369884	4151.819107
4.369970	4151.819107
4.369970	4151.819107
4.370055	4151.819107
4.370055	4151.819107
4.370140	4151.819107
4.370140	4151.819107
4.370225	4151.819107
4.370225	4151.819107
4.370311	4151.819107
4.370311	4151.819107
4.378779	4132.929919
4.378779	4132.929919
4.378864	4135.131909
4.378864	4135.131909
4.378949	4137.333795
4.378949	4137.333795
4.379035	4139.534434
4.379035	4139.534434
4.379120	4141.736113
4.379120	4141.736113
4.379205	4143.937688
4.379205	4143.937688
4.379290	4146.139160
4.379290	4146.139160
4.379376	4148.339382
4.379376	4148.339382
4.379461	4150.540647
4.379461	4150.540647
4.379546	4152.741808
4.379546	4152.741808
4.379632	4154.941718
4.379632	4154.941718
4.379717	4157.142672
4.379717	4157.142672
4.379802	4159.343522
4.379802	4159.343522
4.379887	4161.544269
4.379887	4161.544269
4.379973	4163.743763
4.379973	4163.743763
4.380058	4165.944303
4.380058	4165.944303
4.380143	4168.144739
4.380143	4168.144739
4.380228	4170.345072
4.380228	4170.345072
4.380314	4172.544149
4.380314	4172.544149
4.380399	4174.744275
4.380399	4174.744275
4.388779	4174.744275
4.388779	4174.744275
4.388864	4174.744275
4.388864	4174.744275
4.388949	4174.744275
4.388949	4174.744275
4.389035	4174.744275
4.389035	4174.744275
4.389120	4174.744275
4.389120	4174.744275
4.389205	4174.744275
4.389205	4174.744275
4.389290	4174.744275
4.389290	4174.744275
4.389376	4174.744275
4.389376	4174.744275
4.389461	4174.744275
4.389461	4174.744275
4.389546	4174.744275
4.389546	4174.744275
4.389632	4174.744275
4.389632	4174.744275
4.389717	4174.744275
4.389717	4174.744275
4.389802	4174.744275
4.389802	4174.744275
4.389887	4174.744275
4.389887	4174.744275
4.389973	4174.744275
4.389973	4174.744275
4.390058	4174.744275
4.390058	4174.744275
4.390143	4174.744275
4.390143	4174.744275
4.390228	4174.744275
4.390228	4174.744275
4.390314	4174.744275
4.390314	4174.744275
4.390399	4174.744275
4.390399	4174.744275
4.398788	4153.734705
4.398788	4153.734705
4.398873	4153.725618
4.398873	4153.725618
4.398958	4153.716531
4.398958	4153.716531
4.399044	4153.706303
4.399044	4153.706303
4.399129	4153.697217
4.399129	4153.697217
4.399214	4153.688132
4.399214	4153.688132
4.399300	4153.677905
4.399300	4153.677905
4.399385	4153.668820
4.399385	4153.668820
4.399470	4153.659736
4.399470	4153.659736
4.399555	4153.650652
4.399555	4153.650652
4.399641	4153.640428
4.399641	4153.640428
4.399726	4153.631345
4.399726	4153.631345
4.399811	4153.622262
4.399811	4153.622262
4.399896	4153.613180
4.399896	4153.613180
4.399982	4153.602957
4.399982	4153.602957
4.400067	4153.593876
4.400067	4153.593876
4.400152	4153.584795
4.400152	4153.584795
4.400238	4153.574574
4.400238	4153.574574
4.400323	4153.565494
4.400323	4153.565494
4.400408	4153.556415
4.400408	4153.556415
4.408788	4153.556415
4.408788	4153.556415
4.408873	4153.556415
4.408873	4153.556415
4.408958	4153.556415
4.408958	4153.556415
4.409044	4153.556415
4.409044	4153.556415
4.409129	4153.556415
4.409129	4153.556415
4.409214	4153.556415
4.409214	4153.556415
4.409300	4153.556415
4.409300	4153.556415
4.409385	4153.556415
4.409385	4153.556415
4.409470	4153.556415
4.409470	4153.556415
4.409555	4153.556415
4.409555	4153.556415
4.409641	4153.556415
4.409641	4153.556415
4.409726	4153.556415
4.409726	4153.556415
4.409811	4153.556415
4.409811	4153.556415
4.409896	4153.556415
4.409896	4153.556415
4.409982	4153.556415
4.409982	4153.556415
4.410067	4153.556415
4.410067	4153.556415
4.410152	4153.556415
4.410152	4153.556415
4.410238	4153.556415
4.410238	4153.556415
4.410323	4153.556415
4.410323	4153.556415
4.410408	4153.556415
4.410408	4153.556415
4.418876	4134.865461
4.418876	4134.865461
4.418961	4137.043275
4.418961	4137.043275
4.419047	4139.219857
4.419047	4139.219857
4.419132	4141.397468
4.419132	4141.397468
4.419217	4143.574978
4.419217	4143.574978
4.419303	4145.751254
4.419303	4145.751254
4.419388	4147.928561
4.419388	4147.928561
4.419473	4150.105767
4.419473	4150.105767
4.419558	4152.282871
4.419558	4152.282871
4.419644	4154.458740
4.419644	4154.458740
4.419729	4156.635642
4.419729	4156.635642
4.419814	4158.812442
4.419814	4158.812442
4.419900	4160.988005
4.419900	4160.988005
4.419985	4163.164603
4.419985	4163.164603
4.420070	4165.341100
4.420070	4165.341100
4.420155	4167.517496
4.420155	4167.517496
4.420241	4169.692651
4.420241	4169.692651
4.420326	4171.868844
4.420326	4171.868844
4.420411	4174.044936
4.420411	4174.044936
4.420496	4176.220927
4.420496	4176.220927
4.428876	4176.220927
4.428876	4176.220927
4.428961	4176.220927
4.428961	4176.220927
4.429047	4176.220927
4.429047	4176.220927
4.429132	4176.220927
4.429132	4176.220927
4.429217	4176.220927
4.429217	4176.220927
4.429303	4176.220927
4.429303	4176.220927
4.429388	4176.220927
4.429388	4176.220927
4.429473	4176.220927
4.429473	4176.220927
4.429558	4176.220927
4.429558	4176.220927
4.429644	4176.220927
4.429644	4176.220927
4.429729	4176.220927
4.429729	4176.220927
4.429814	4176.220927
4.429814	4176.220927
4.429900	4176.220927
4.429900	4176.220927
4.429985	4176.220927
4.429985	4176.220927
4.430070	4176.220927
4.430070	4176.220927
4.430155	4176.220927
4.430155	4176.220927
4.430241	4176.220927
4.430241	4176.220927
4.430326	4176.220927
4.430326	4176.220927
4.430411	4176.220927
4.430411	4176.220927
4.430496	4176.220927
4.430496	4176.220927
4.438885	4155.432964
4.438885	4155.432964
4.438971	4155.422807
4.438971	4155.422807
4.439056	4155.413780
4.439056	4155.413780
4.439141	4155.404753
4.439141	4155.404753
4.439226	4155.395727
4.439226	4155.395727
4.439312	4155.385572
4.439312	4155.385572
4.439397	4155.376547
4.439397	4155.376547
4.439482	4155.367522
4.439482	4155.367522
4.439568	4155.357368
4.439568	4155.357368
4.439653	4155.348344
4.439653	4155.348344
4.439738	4155.339320
4.439738	4155.339320
4.439823	4155.330297
4.439823	4155.330297
4.439909	4155.320145
4.439909	4155.320145
4.439994	4155.311123
4.439994	4155.311123
4.440079	4155.302101
4.440079	4155.302101
4.440164	4155.293079
4.440164	4155.293079
4.440250	4155.282929
4.440250	4155.282929
4.440335	4155.273908
4.440335	4155.273908
4.440420	4155.264888
4.440420	4155.264888
4.440506	4155.254739
4.440506	4155.254739
4.448885	4155.254739
4.448885	4155.254739
4.448971	4155.254739
4.448971	4155.254739
4.449056	4155.254739
4.449056	4155.254739
4.449141	4155.254739
4.449141	4155.254739
4.449226	4155.254739
4.449226	4155.254739
4.449312	4155.254739
4.449312	4155.254739
4.449397	4155.254739
4.449397	4155.254739
4.449482	4155.254739
4.449482	4155.254739
4.449568	4155.254739
4.449568	4155.254739
4.449653	4155.254739
4.449653	4155.254739
4.449738	4155.254739
4.449738	4155.254739
4.449823	4155.254739
4.449823	4155.254739
4.449909	4155.254739
4.449909	4155.254739
4.449994	4155.254739
4.449994	4155.254739
4.450079	4155.254739
4.450079	4155.254739
4.450164	4155.254739
4.450164	4155.254739
4.450250	4155.254739
4.450250	4155.254739
4.450335	4155.254739
4.450335	4155.254739
4.450420	4155.254739
4.450420	4155.254739
4.450506	4155.254739
4.450506	4155.254739
4.458974	4136.757923
4.458974	4136.757923
4.459059	4138.912085
4.459059	4138.912085
4.459144	4141.066149
4.459144	4141.066149
4.459229	4143.220114
4.459229	4143.220114
4.459315	4145.372860
4.459315	4145.372860
4.459400	4147.526626
4.459400	4147.526626
4.459485	4149.680293
4.459485	4149.680293
4.459571	4151.832740
4.459571	4151.832740
4.459656	4153.986208
4.459656	4153.986208
4.459741	4156.139578
4.459741	4156.139578
4.459826	4158.292849
4.459826	4158.292849
4.459912	4160.444897
4.459912	4160.444897
4.459997	4162.597970
4.459997	4162.597970
4.460082	4164.750943
4.460082	4164.750943
4.460168	4166.902692
4.460168	4166.902692
4.460253	4169.055467
4.460253	4169.055467
4.460338	4171.208144
4.460338	4171.208144
4.460423	4173.360721
4.460423	4173.360721
4.460509	4175.512071
4.460509	4175.512071
4.460594	4177.664451
4.460594	4177.664451
4.468974	4177.664451
4.468974	4177.664451
4.469059	4177.664451
4.469059	4177.664451
4.469144	4177.664451
4.469144	4177.664451
4.469229	4177.664451
4.469229	4177.664451
4.469315	4177.664451
4.469315	4177.664451
4.469400	4177.664451
4.469400	4177.664451
4.469485	4177.664451
4.469485	4177.664451
4.469571	4177.664451
4.469571	4177.664451
4.469656	4177.664451
4.469656	4177.664451
4.469741	4177.664451
4.469741	4177.664451
4.469826	4177.664451
4.469826	4177.664451
4.469912	4177.664451
4.469912	4177.664451
4.469997	4177.664451
4.469997	4177.664451
4.470082	4177.664451
4.470082	4177.664451
4.470168	4177.664451
4.470168	4177.664451
4.470253	4177.664451
4.470253	4177.664451
4.470338	4177.664451
4.470338	4177.664451
4.470423	4177.664451
4.470423	4177.664451
4.470509	4177.664451
4.470509	4177.664451
4.470594	4177.664451
4.470594	4177.664451
4.478983	4157.093485
4.478983	4157.093485
4.479068	4157.084517
4.479068	4157.084517
4.479153	4157.075549
4.479153	4157.075549
4.479239	4157.065464
4.479239	4157.065464
4.479324	4157.056497
4.479324	4157.056497
4.479409	4157.047531
4.479409	4157.047531
4.479494	4157.038565
4.479494	4157.038565
4.479580	4157.028482
4.479580	4157.028482
4.479665	4157.019517
4.479665	4157.019517
4.479750	4157.010552
4.479750	4157.010552
4.479836	4157.000470
4.479836	4157.000470
4.479921	4156.991506
4.479921	4156.991506
4.480006	4156.982543
4.480006	4156.982543
4.480091	4156.973579
4.480091	4156.973579
4.480177	4156.963499
4.480177	4156.963499
4.480262	4156.954537
4.480262	4156.954537
4.480347	4156.945575
4.480347	4156.945575
4.480432	4156.936614
4.480432	4156.936614
4.480518	4156.926535
4.480518	4156.926535
4.480603	4156.917575
4.480603	4156.917575
4.488983	4156.917575
4.488983	4156.917575
4.489068	4156.917575
4.489068	4156.917575
4.489153	4156.917575
4.489153	4156.917575
4.489239	4156.917575
4.489239	4156.917575
4.489324	4156.917575
4.489324	4156.917575
4.489409	4156.917575
4.489409	4156.917575
4.489494	4156.917575
4.489494	4156.917575
4.489580	4156.917575
4.489580	4156.917575
4.489665	4156.917575
4.489665	4156.917575
4.489750	4156.917575
4.489750	4156.917575
4.489836	4156.917575
4.489836	4156.917575
4.489921	4156.917575
4.489921	4156.917575
4.490006	4156.917575
4.490006	4156.917575
4.490091	4156.917575
4.490091	4156.917575
4.490177	4156.917575
4.490177	4156.917575
4.490262	4156.917575
4.490262	4156.917575
4.490347	4156.917575
4.490347	4156.917575
4.490432	4156.917575
4.490432	4156.917575
4.490518	4156.917575
4.490518	4156.917575
4.490603	4156.917575
4.490603	4156.917575
4.499071	4138.610901
4.499071	4138.610901
4.499156	4140.741921
4.499156	4140.741921
4.499242	4142.871737
4.499242	4142.871737
4.499327	4145.002563
4.499327	4145.002563
4.499412	4147.133293
4.499412	4147.133293
4.499497	4149.263925
4.499497	4149.263925
4.499583	4151.393351
4.499583	4151.393351
4.499668	4153.523789
4.499668	4153.523789
4.499753	4155.654130
4.499753	4155.654130
4.499839	4157.783263
4.499839	4157.783263
4.499924	4159.913410
4.499924	4159.913410
4.500009	4162.043460
4.500009	4162.043460
4.500094	4164.173414
4.500094	4164.173414
4.500180	4166.302157
4.500180	4166.302157
4.500265	4168.431916
4.500265	4168.431916
4.500350	4170.561578
4.500350	4170.561578
4.500436	4172.690029
4.500436	4172.690029
4.500521	4174.819497
4.500521	4174.819497
4.500606	4176.948869
4.500606	4176.948869
4.500691	4179.078144
4.500691	4179.078144
4.509071	4179.078144
4.509071	4179.078144
4.509156	4179.078144
4.509156	4179.078144
4.509242	4179.078144
4.509242	4179.078144
4.509327	4179.078144
4.509327	4179.078144
4.509412	4179.078144
4.509412	4179.078144
4.509497	4179.078144
4.509497	4179.078144
4.509583	4179.078144
4.509583	4179.078144
4.509668	4179.078144
4.509668	4179.078144
4.509753	4179.078144
4.509753	4179.078144
4.509839	4179.078144
4.509839	4179.078144
4.509924	4179.078144
4.509924	4179.078144
4.510009	4179.078144
4.510009	4179.078144
4.510094	4179.078144
4.510094	4179.078144
4.510180	4179.078144
4.510180	4179.078144
4.510265	4179.078144
4.510265	4179.078144
4.510350	4179.078144
4.510350	4179.078144
4.510436	4179.078144
4.510436	4179.078144
4.510521	4179.078144
4.510521	4179.078144
4.510606	4179.078144
4.510606	4179.078144
4.510691	4179.078144
4.510691	4179.078144
4.519080	4158.719687
4.519080	4158.719687
4.519165	4158.710778
4.519165	4158.710778
4.519251	4158.700762
4.519251	4158.700762
4.519336	4158.691854
4.519336	4158.691854
4.519421	4158.682946
4.519421	4158.682946
4.519507	4158.672932
4.519507	4158.672932
4.519592	4158.664025
4.519592	4158.664025
4.519677	4158.655119
4.519677	4158.655119
4.519762	4158.646212
4.519762	4158.646212
4.519848	4158.636200
4.519848	4158.636200
4.519933	4158.627295
4.519933	4158.627295
4.520018	4158.618390
4.520018	4158.618390
4.520104	4158.608379
4.520104	4158.608379
4.520189	4158.599475
4.520189	4158.599475
4.520274	4158.590571
4.520274	4158.590571
4.520359	4158.581667
4.520359	4158.581667
4.520445	4158.571658
4.520445	4158.571658
4.520530	4158.562756
4.520530	4158.562756
4.520615	4158.553854
4.520615	4158.553854
4.520700	4158.544952
4.520700	4158.544952
4.529080	4158.544952
4.529080	4158.544952
4.529165	4158.544952
4.529165	4158.544952
4.529251	4158.544952
4.529251	4158.544952
4.529336	4158.544952
4.529336	4158.544952
4.529421	4158.544952
4.529421	4158.544952
4.529507	4158.544952
4.529507	4158.544952
4.529592	4158.544952
4.529592	4158.544952
4.529677	4158.544952
4.529677	4158.544952
4.529762	4158.544952
4.529762	4158.544952
4.529848	4158.544952
4.529848	4158.544952
4.529933	4158.544952
4.529933	4158.544952
4.530018	4158.544952
4.530018	4158.544952
4.530104	4158.544952
4.530104	4158.544952
4.530189	4158.544952
4.530189	4158.544952
4.530274	4158.544952
4.530274	4158.544952
4.530359	4158.544952
4.530359	4158.544952
4.530445	4158.544952
4.530445	4158.544952
4.530530	4158.544952
4.530530	4158.544952
4.530615	4158.544952
4.530615	4158.544952
4.530700	4158.544952
4.530700	4158.544952
4.539168	4140.424559
4.539168	4140.424559
4.539254	4142.531833
4.539254	4142.531833
4.539339	4144.640108
4.539339	4144.640108
4.539424	4146.748288
4.539424	4146.748288
4.539510	4148.855275
4.539510	4148.855275
4.539595	4150.963265
4.539595	4150.963265
4.539680	4153.071159
4.539680	4153.071159
4.539765	4155.178960
4.539765	4155.178960
4.539851	4157.285565
4.539851	4157.285565
4.539936	4159.393175
4.539936	4159.393175
4.540021	4161.500690
4.540021	4161.500690
4.540107	4163.607009
4.540107	4163.607009
4.540192	4165.714334
4.540192	4165.714334
4.540277	4167.821564
4.540277	4167.821564
4.540362	4169.928700
4.540362	4169.928700
4.540448	4172.034637
4.540448	4172.034637
4.540533	4174.141583
4.540533	4174.141583
4.540618	4176.248433
4.540618	4176.248433
4.540704	4178.354084
4.540704	4178.354084
4.540789	4180.460745
4.540789	4180.460745
4.549168	4180.460745
4.549168	4180.460745
4.549254	4180.460745
4.549254	4180.460745
4.549339	4180.460745
4.549339	4180.460745
4.549424	4180.460745
4.549424	4180.460745
4.549510	4180.460745
4.549510	4180.460745
4.549595	4180.460745
4.549595	4180.460745
4.549680	4180.460745
4.549680	4180.460745
4.549765	4180.460745
4.549765	4180.460745
4.549851	4180.460745
4.549851	4180.460745
4.549936	4180.460745
4.549936	4180.460745
4.550021	4180.460745
4.550021	4180.460745
4.550107	4180.460745
4.550107	4180.460745
4.550192	4180.460745
4.550192	4180.460745
4.550277	4180.460745
4.550277	4180.460745
4.550362	4180.460745
4.550362	4180.460745
4.550448	4180.460745
4.550448	4180.460745
4.550533	4180.460745
4.550533	4180.460745
4.550618	4180.460745
4.550618	4180.460745
4.550704	4180.460745
4.550704	4180.460745
4.550789	4180.460745
4.550789	4180.460745
4.559178	4160.310467
4.559178	4160.310467
4.559263	4160.301616
4.559263	4160.301616
4.559348	4160.292766
4.559348	4160.292766
4.559433	4160.283916
4.559433	4160.283916
4.559519	4160.273972
4.559519	4160.273972
4.559604	4160.265122
4.559604	4160.265122
4.559689	4160.256274
4.559689	4160.256274
4.559775	4160.246330
4.559775	4160.246330
4.559860	4160.237482
4.559860	4160.237482
4.559945	4160.228635
4.559945	4160.228635
4.560030	4160.219788
4.560030	4160.219788
4.560116	4160.209846
4.560116	4160.209846
4.560201	4160.201000
4.560201	4160.201000
4.560286	4160.192154
4.560286	4160.192154
4.560372	4160.182214
4.560372	4160.182214
4.560457	4160.173369
4.560457	4160.173369
4.560542	4160.164524
4.560542	4160.164524
4.560627	4160.155680
4.560627	4160.155680
4.560713	4160.145741
4.560713	4160.145741
4.560798	4160.136898
4.560798	4160.136898
4.569178	4160.136898
4.569178	4160.136898
4.569263	4160.136898
4.569263	4160.136898
4.569348	4160.136898
4.569348	4160.136898
4.569433	4160.136898
4.569433	4160.136898
4.569519	4160.136898
4.569519	4160.136898
4.569604	4160.136898
4.569604	4160.136898
4.569689	4160.136898
4.569689	4160.136898
4.569775	4160.136898
4.569775	4160.136898
4.569860	4160.136898
4.569860	4160.136898
4.569945	4160.136898
4.569945	4160.136898
4.570030	4160.136898
4.570030	4160.136898
4.570116	4160.136898
4.570116	4160.136898
4.570201	4160.136898
4.570201	4160.136898
4.570286	4160.136898
4.570286	4160.136898
4.570372	4160.136898
4.570372	4160.136898
4.570457	4160.136898
4.570457	4160.136898
4.570542	4160.136898
4.570542	4160.136898
4.570627	4160.136898
4.570627	4160.136898
4.570713	4160.136898
4.570713	4160.136898
4.570798	4160.136898
4.570798	4160.136898
4.579266	4142.199051
4.579266	4142.199051
4.579351	4144.285246
4.579351	4144.285246
4.579436	4146.371349
4.579436	4146.371349
4.579522	4148.456273
4.579522	4148.456273
4.579607	4150.542189
4.579607	4150.542189
4.579692	4152.628013
4.579692	4152.628013
4.579778	4154.712656
4.579778	4154.712656
4.579863	4156.798294
4.579863	4156.798294
4.579948	4158.883838
4.579948	4158.883838
4.580033	4160.969290
4.580033	4160.969290
4.580119	4163.053559
4.580119	4163.053559
4.580204	4165.138825
4.580204	4165.138825
4.580289	4167.223998
4.580289	4167.223998
4.580375	4169.307987
4.580375	4169.307987
4.580460	4171.392974
4.580460	4171.392974
4.580545	4173.477868
4.580545	4173.477868
4.580630	4175.562669
4.580630	4175.562669
4.580716	4177.646284
4.580716	4177.646284
4.580801	4179.730899
4.580801	4179.730899
4.580886	4181.815422
4.580886	4181.815422
4.589266	4181.815422
4.589266	4181.815422
4.589351	4181.815422
4.589351	4181.815422
4.589436	4181.815422
4.589436	4181.815422
4.589522	4181.815422
4.589522	4181.815422
4.589607	4181.815422
4.589607	4181.815422
4.589692	4181.815422
4.589692	4181.815422
4.589778	4181.815422
4.589778	4181.815422
4.589863	4181.815422
4.589863	4181.815422
4.589948	4181.815422
4.589948	4181.815422
4.590033	4181.815422
4.590033	4181.815422
4.590119	4181.815422
4.590119	4181.815422
4.590204	4181.815422
4.590204	4181.815422
4.590289	4181.815422
4.590289	4181.815422
4.590375	4181.815422
4.590375	4181.815422
4.590460	4181.815422
4.590460	4181.815422
4.590545	4181.815422
4.590545	4181.815422
4.590630	4181.815422
4.590630	4181.815422
4.590716	4181.815422
4.590716	4181.815422
4.590801	4181.815422
4.590801	4181.815422
4.590886	4181.815422
4.590886	4181.815422
4.599275	4161.869103
4.599275	4161.869103
4.599360	4161.860310
4.599360	4161.860310
4.599446	4161.850434
4.599446	4161.850434
4.599531	4161.841642
4.599531	4161.841642
4.599616	4161.832850
4.599616	4161.832850
4.599701	4161.824059
4.599701	4161.824059
4.599787	4161.814184
4.599787	4161.814184
4.599872	4161.805394
4.599872	4161.805394
4.599957	4161.796603
4.599957	4161.796603
4.600043	4161.786730
4.600043	4161.786730
4.600128	4161.777941
4.600128	4161.777941
4.600213	4161.769152
4.600213	4161.769152
4.600298	4161.760363
4.600298	4161.760363
4.600384	4161.750492
4.600384	4161.750492
4.600469	4161.741704
4.600469	4161.741704
4.600554	4161.732917
4.600554	4161.732917
4.600640	4161.723046
4.600640	4161.723046
4.600725	4161.714260
4.600725	4161.714260
4.600810	4161.705474
4.600810	4161.705474
4.600895	4161.696688
4.600895	4161.696688
4.609275	4161.696688
4.609275	4161.696688
4.609360	4161.696688
4.609360	4161.696688
4.609446	4161.696688
4.609446	4161.696688
4.609531	4161.696688
4.609531	4161.696688
4.609616	4161.696688
4.609616	4161.696688
4.609701	4161.696688
4.609701	4161.696688
4.609787	4161.696688
4.609787	4161.696688
4.609872	4161.696688
4.609872	4161.696688
4.609957	4161.696688
4.609957	4161.696688
4.610043	4161.696688
4.610043	4161.696688
4.610128	4161.696688
4.610128	4161.696688
4.610213	4161.696688
4.610213	4161.696688
4.610298	4161.696688
4.610298	4161.696688
4.610384	4161.696688
4.610384	4161.696688
4.610469	4161.696688
4.610469	4161.696688
4.610554	4161.696688
4.610554	4161.696688
4.610640	4161.696688
4.610640	4161.696688
4.610725	4161.696688
4.610725	4161.696688
4.610810	4161.696688
4.610810	4161.696688
4.610895	4161.696688
4.610895	4161.696688
4.619363	4143.937743
4.619363	4143.937743
4.619449	4146.001152
4.619449	4146.001152
4.619534	4148.065544
4.619534	4148.065544
4.619619	4150.129844
4.619619	4150.129844
4.619704	4152.194054
4.619704	4152.194054
4.619790	4154.257097
4.619790	4154.257097
4.619875	4156.321124
4.619875	4156.321124
4.619960	4158.385061
4.619960	4158.385061
4.620046	4160.447829
4.620046	4160.447829
4.620131	4162.511583
4.620131	4162.511583
4.620216	4164.575247
4.620216	4164.575247
4.620301	4166.638819
4.620301	4166.638819
4.620387	4168.701221
4.620387	4168.701221
4.620472	4170.764611
4.620472	4170.764611
4.620557	4172.827911
4.620557	4172.827911
4.620643	4174.890038
4.620643	4174.890038
4.620728	4176.953155
4.620728	4176.953155
4.620813	4179.016181
4.620813	4179.016181
4.620898	4181.079117
4.620898	4181.079117
4.620984	4183.140878
4.620984	4183.140878
4.629363	4183.140878
4.629363	4183.140878
4.629449	4183.140878
4.629449	4183.140878
4.629534	4183.140878
4.629534	4183.140878
4.629619	4183.140878
4.629619	4183.140878
4.629704	4183.140878
4.629704	4183.140878
4.629790	4183.140878
4.629790	4183.140878
4.629875	4183.140878
4.629875	4183.140878
4.629960	4183.140878
4.629960	4183.140878
4.630046	4183.140878
4.630046	4183.140878
4.630131	4183.140878
4.630131	4183.140878
4.630216	4183.140878
4.630216	4183.140878
4.630301	4183.140878
4.630301	4183.140878
4.630387	4183.140878
4.630387	4183.140878
4.630472	4183.140878
4.630472	4183.140878
4.630557	4183.140878
4.630557	4183.140878
4.630643	4183.140878
4.630643	4183.140878
4.630728	4183.140878
4.630728	4183.140878
4.630813	4183.140878
4.630813	4183.140878
4.630898	4183.140878
4.630898	4183.140878
4.630984	4183.140878
4.630984	4183.140878
4.639372	4163.395519
4.639372	4163.395519
4.639458	4163.385710
4.639458	4163.385710
4.639543	4163.376975
4.639543	4163.376975
4.639628	4163.368240
4.639628	4163.368240
4.639714	4163.358433
4.639714	4163.358433
4.639799	4163.349699
4.639799	4163.349699
4.639884	4163.340966
4.639884	4163.340966
4.639969	4163.332233
4.639969	4163.332233
4.640055	4163.322427
4.640055	4163.322427
4.640140	4163.313695
4.640140	4163.313695
4.640225	4163.304963
4.640225	4163.304963
4.640311	4163.295159
4.640311	4163.295159
4.640396	4163.286427
4.640396	4163.286427
4.640481	4163.277697
4.640481	4163.277697
4.640566	4163.268966
4.640566	4163.268966
4.640652	4163.259164
4.640652	4163.259164
4.640737	4163.250434
4.640737	4163.250434
4.640822	4163.241705
4.640822	4163.241705
4.640908	4163.231903
4.640908	4163.231903
4.640993	4163.223175
4.640993	4163.223175
4.649372	4163.223175
4.649372	4163.223175
4.649458	4163.223175
4.649458	4163.223175
4.649543	4163.223175
4.649543	4163.223175
4.649628	4163.223175
4.649628	4163.223175
4.649714	4163.223175
4.649714	4163.223175
4.649799	4163.223175
4.649799	4163.223175
4.649884	4163.223175
4.649884	4163.223175
4.649969	4163.223175
4.649969	4163.223175
4.650055	4163.223175
4.650055	4163.223175
4.650140	4163.223175
4.650140	4163.223175
4.650225	4163.223175
4.650225	4163.223175
4.650311	4163.223175
4.650311	4163.223175
4.650396	4163.223175
4.650396	4163.223175
4.650481	4163.223175
4.650481	4163.223175
4.650566	4163.223175
4.650566	4163.223175
4.650652	4163.223175
4.650652	4163.223175
4.650737	4163.223175
4.650737	4163.223175
4.650822	4163.223175
4.650822	4163.223175
4.650908	4163.223175
4.650908	4163.223175
4.650993	4163.223175
4.650993	4163.223175
4.659461	4145.639615
4.659461	4145.639615
4.659546	4147.682833
4.659546	4147.682833
4.659631	4149.725961
4.659631	4149.725961
4.659717	4151.767936
4.659717	4151.767936
4.659802	4153.810886
4.659802	4153.810886
4.659887	4155.853747
4.659887	4155.853747
4.659972	4157.896518
4.659972	4157.896518
4.660058	4159.938134
4.660058	4159.938134
4.660143	4161.980727
4.660143	4161.980727
4.660228	4164.023231
4.660228	4164.023231
4.660314	4166.064578
4.660314	4166.064578
4.660399	4168.106904
4.660399	4168.106904
4.660484	4170.149140
4.660484	4170.149140
4.660569	4172.191288
4.660569	4172.191288
4.660655	4174.232276
4.660655	4174.232276
4.660740	4176.274245
4.660740	4176.274245
4.660825	4178.316125
4.660825	4178.316125
4.660911	4180.356845
4.660911	4180.356845
4.660996	4182.398546
4.660996	4182.398546
4.661081	4184.440159
4.661081	4184.440159
4.669461	4184.440159
4.669461	4184.440159
4.669546	4184.440159
4.669546	4184.440159
4.669631	4184.440159
4.669631	4184.440159
4.669717	4184.440159
4.669717	4184.440159
4.669802	4184.440159
4.669802	4184.440159
4.669887	4184.440159
4.669887	4184.440159
4.669972	4184.440159
4.669972	4184.440159
4.670058	4184.440159
4.670058	4184.440159
4.670143	4184.440159
4.670143	4184.440159
4.670228	4184.440159
4.670228	4184.440159
4.670314	4184.440159
4.670314	4184.440159
4.670399	4184.440159
4.670399	4184.440159
4.670484	4184.440159
4.670484	4184.440159
4.670569	4184.440159
4.670569	4184.440159
4.670655	4184.440159
4.670655	4184.440159
4.670740	4184.440159
4.670740	4184.440159
4.670825	4184.440159
4.670825	4184.440159
4.670911	4184.440159
4.670911	4184.440159
4.670996	4184.440159
4.670996	4184.440159
4.671081	4184.440159
4.671081	4184.440159
4.679470	4164.889641
4.679470	4164.889641
4.679555	4164.880962
4.679555	4164.880962
4.679640	4164.872284
4.679640	4164.872284
4.679726	4164.862544
4.679726	4164.862544
4.679811	4164.853867
4.679811	4164.853867
4.679896	4164.845190
4.679896	4164.845190
4.679982	4164.835451
4.679982	4164.835451
4.680067	4164.826775
4.680067	4164.826775
4.680152	4164.818099
4.680152	4164.818099
4.680237	4164.809424
4.680237	4164.809424
4.680323	4164.799686
4.680323	4164.799686
4.680408	4164.791012
4.680408	4164.791012
4.680493	4164.782337
4.680493	4164.782337
4.680579	4164.772601
4.680579	4164.772601
4.680664	4164.763928
4.680664	4164.763928
4.680749	4164.755255
4.680749	4164.755255
4.680834	4164.746582
4.680834	4164.746582
4.680920	4164.736847
4.680920	4164.736847
4.681005	4164.728176
4.681005	4164.728176
4.681090	4164.719504
4.681090	4164.719504
4.689470	4164.719504
4.689470	4164.719504
4.689555	4164.719504
4.689555	4164.719504
4.689640	4164.719504
4.689640	4164.719504
4.689726	4164.719504
4.689726	4164.719504
4.689811	4164.719504
4.689811	4164.719504
4.689896	4164.719504
4.689896	4164.719504
4.689982	4164.719504
4.689982	4164.719504
4.690067	4164.719504
4.690067	4164.719504
4.690152	4164.719504
4.690152	4164.719504
4.690237	4164.719504
4.690237	4164.719504
4.690323	4164.719504
4.690323	4164.719504
4.690408	4164.719504
4.690408	4164.719504
4.690493	4164.719504
4.690493	4164.719504
4.690579	4164.719504
4.690579	4164.719504
4.690664	4164.719504
4.690664	4164.719504
4.690749	4164.719504
4.690749	4164.719504
4.690834	4164.719504
4.690834	4164.719504
4.690920	4164.719504
4.690920	4164.719504
4.691005	4164.719504
4.691005	4164.719504
4.691090	4164.719504
4.691090	4164.719504
4.699558	4147.307896
4.699558	4147.307896
4.699644	4149.329229
4.699644	4149.329229
4.699729	4151.351527
4.699729	4151.351527
4.699814	4153.373738
4.699814	4153.373738
4.699899	4155.395862
4.699899	4155.395862
4.699985	4157.416843
4.699985	4157.416843
4.700070	4159.438792
4.700070	4159.438792
4.700155	4161.460653
4.700155	4161.460653
4.700240	4163.482427
4.700240	4163.482427
4.700326	4165.503057
4.700326	4165.503057
4.700411	4167.524657
4.700411	4167.524657
4.700496	4169.546169
4.700496	4169.546169
4.700582	4171.566535
4.700582	4171.566535
4.700667	4173.587872
4.700667	4173.587872
4.700752	4175.609122
4.700752	4175.609122
4.700837	4177.630285
4.700837	4177.630285
4.700923	4179.650300
4.700923	4179.650300
4.701008	4181.671288
4.701008	4181.671288
4.701093	4183.692189
4.701093	4183.692189
4.701179	4185.711941
4.701179	4185.711941
4.709558	4185.711941
4.709558	4185.711941
4.709644	4185.711941
4.709644	4185.711941
4.709729	4185.711941
4.709729	4185.711941
4.709814	4185.711941
4.709814	4185.711941
4.709899	4185.711941
4.709899	4185.711941
4.709985	4185.711941
4.709985	4185.711941
4.710070	4185.711941
4.710070	4185.711941
4.710155	4185.711941
4.710155	4185.711941
4.710240	4185.711941
4.710240	4185.711941
4.710326	4185.711941
4.710326	4185.711941
4.710411	4185.711941
4.710411	4185.711941
4.710496	4185.711941
4.710496	4185.711941
4.710582	4185.711941
4.710582	4185.711941
4.710667	4185.711941
4.710667	4185.711941
4.710752	4185.711941
4.710752	4185.711941
4.710837	4185.711941
4.710837	4185.711941
4.710923	4185.711941
4.710923	4185.711941
4.711008	4185.711941
4.711008	4185.711941
4.711093	4185.711941
4.711093	4185.711941
4.711179	4185.711941
4.711179	4185.711941
4.719567	4166.354553
4.719567	4166.354553
4.719653	4166.344879
4.719653	4166.344879
4.719738	4166.336258
4.719738	4166.336258
4.719823	4166.327636
4.719823	4166.327636
4.719908	4166.319015
4.719908	4166.319015
4.719994	4166.309343
4.719994	4166.309343
4.720079	4166.300723
4.720079	4166.300723
4.720164	4166.292103
4.720164	4166.292103
4.720250	4166.282432
4.720250	4166.282432
4.720335	4166.273813
4.720335	4166.273813
4.720420	4166.265194
4.720420	4166.265194
4.720505	4166.256576
4.720505	4166.256576
4.720591	4166.246906
4.720591	4166.246906
4.720676	4166.238289
4.720676	4166.238289
4.720761	4166.229672
4.720761	4166.229672
4.720847	4166.220003
4.720847	4166.220003
4.720932	4166.211387
4.720932	4166.211387
4.721017	4166.202771
4.721017	4166.202771
4.721102	4166.194155
4.721102	4166.194155
4.721188	4166.184488
4.721188	4166.184488
4.729567	4166.184488
4.729567	4166.184488
4.729653	4166.184488
4.729653	4166.184488
4.729738	4166.184488
4.729738	4166.184488
4.729823	4166.184488
4.729823	4166.184488
4.729908	4166.184488
4.729908	4166.184488
4.729994	4166.184488
4.729994	4166.184488
4.730079	4166.184488
4.730079	4166.184488
4.730164	4166.184488
4.730164	4166.184488
4.730250	4166.184488
4.730250	4166.184488
4.730335	4166.184488
4.730335	4166.184488
4.730420	4166.184488
4.730420	4166.184488
4.730505	4166.184488
4.730505	4166.184488
4.730591	4166.184488
4.730591	4166.184488
4.730676	4166.184488
4.730676	4166.184488
4.730761	4166.184488
4.730761	4166.184488
4.730847	4166.184488
4.730847	4166.184488
4.730932	4166.184488
4.730932	4166.184488
4.731017	4166.184488
4.731017	4166.184488
4.731102	4166.184488
4.731102	4166.184488
4.731188	4166.184488
4.731188	4166.184488
4.739656	4148.941517
4.739656	4148.941517
4.739741	4150.943491
4.739741	4150.943491
4.739826	4152.945380
4.739826	4152.945380
4.739912	4154.946140
4.739912	4154.946140
4.739997	4156.947857
4.739997	4156.947857
4.740082	4158.949489
4.740082	4158.949489
4.740167	4160.951035
4.740167	4160.951035
4.740253	4162.951451
4.740253	4162.951451
4.740338	4164.952826
4.740338	4164.952826
4.740423	4166.954115
4.740423	4166.954115
4.740508	4168.955319
4.740508	4168.955319
4.740594	4170.955390
4.740594	4170.955390
4.740679	4172.956423
4.740679	4172.956423
4.740764	4174.957370
4.740764	4174.957370
4.740850	4176.957183
4.740850	4176.957183
4.740935	4178.957958
4.740935	4178.957958
4.741020	4180.958649
4.741020	4180.958649
4.741105	4182.959254
4.741105	4182.959254
4.741191	4184.958722
4.741191	4184.958722
4.741276	4186.959156
4.741276	4186.959156
4.749656	4186.959156
4.749656	4186.959156
4.749741	4186.959156
4.749741	4186.959156
4.749826	4186.959156
4.749826	4186.959156
4.749912	4186.959156
4.749912	4186.959156
4.749997	4186.959156
4.749997	4186.959156
4.750082	4186.959156
4.750082	4186.959156
4.750167	4186.959156
4.750167	4186.959156
4.750253	4186.959156
4.750253	4186.959156
4.750338	4186.959156
4.750338	4186.959156
4.750423	4186.959156
4.750423	4186.959156
4.750508	4186.959156
4.750508	4186.959156
4.750594	4186.959156
4.750594	4186.959156
4.750679	4186.959156
4.750679	4186.959156
4.750764	4186.959156
4.750764	4186.959156
4.750850	4186.959156
4.750850	4186.959156
4.750935	4186.959156
4.750935	4186.959156
4.751020	4186.959156
4.751020	4186.959156
4.751105	4186.959156
4.751105	4186.959156
4.751191	4186.959156
4.751191	4186.959156
4.751276	4186.959156
4.751276	4186.959156
4.759665	4167.789052
4.759750	4167.780486
4.759835	4167.771921
4.759921	4167.762313
4.760006	4167.753748
4.760091	4167.745184
4.760176	4167.736620
4.760262	4167.727014
4.760347	4167.718450
4.760432	4167.709887
4.760518	4167.700283
4.760603	4167.691720
4.760688	4167.683158
4.760773	4167.674597
4.760859	4167.664994
4.760944	4167.656433
4.761029	4167.647873
4.761115	4167.638271
4.761200	4167.629711
4.761285	4167.621152
